ticket_id,model,lokasyon_tipi,musteri_memnun,siparis_suresi_dk,masa_sayisi
T0001,Sube_B,avm,evet,11,25
T0002,Sube_A,sanayi,evet,10,8
T0003,Sube_B,avm,hayir,9,40
T0004,Sube_A,sanayi,hayir,12,20
T0005,Sube_B,avm,evet,8,37
T0006,Sube_B,avm,evet,10,35
T0007,Sube_B,avm,evet,8,37
T0008,Sube_B,avm,evet,15,36
T0009,Sube_A,sanayi,evet,8,15
T0010,Sube_B,sanayi,evet,10,20
T0011,Sube_A,sanayi,hayir,8,8
T0012,Sube_A,sanayi,hayir,9,12
T0013,Sube_B,avm,evet,9,21
T0014,Sube_B,avm,hayir,9,27
T0015,Sube_B,avm,evet,12,36
T0016,Sube_B,sanayi,evet,14,8
T0017,Sube_B,sanayi,evet,11,15
T0018,Sube_A,sanayi,hayir,11,19
T0019,Sube_A,sanayi,hayir,11,17
T0020,Sube_A,sanayi,hayir,12,8
T0021,Sube_B,avm,evet,13,35
T0022,Sube_B,avm,hayir,10,21
T0023,Sube_B,avm,evet,15,24
T0024,Sube_A,sanayi,evet,14,9
T0025,Sube_B,avm,evet,15,30
T0026,Sube_A,sanayi,hayir,14,15
T0027,Sube_A,sanayi,hayir,11,11
T0028,Sube_B,avm,hayir,13,22
T0029,Sube_A,sanayi,hayir,8,18
T0030,Sube_A,sanayi,hayir,15,8
T0031,Sube_A,sanayi,evet,15,20
T0032,Sube_B,avm,evet,11,23
T0033,Sube_B,avm,evet,9,30
T0034,Sube_A,sanayi,hayir,13,10
T0035,Sube_B,avm,evet,10,38
T0036,Sube_A,sanayi,hayir,13,8
T0037,Sube_A,sanayi,evet,15,15
T0038,Sube_A,sanayi,evet,8,20
T0039,Sube_A,sanayi,evet,11,14
T0040,Sube_A,sanayi,evet,11,10
T0041,Sube_A,sanayi,hayir,11,12
T0042,Sube_A,sanayi,hayir,15,20
T0043,Sube_A,sanayi,hayir,13,19
T0044,Sube_B,avm,evet,10,32
T0045,Sube_B,avm,evet,11,35
T0046,Sube_A,sanayi,evet,11,13
T0047,Sube_B,avm,evet,11,20
T0048,Sube_B,avm,evet,15,37
T0049,Sube_B,avm,evet,10,30
T0050,Sube_A,sanayi,evet,8,16
T0051,Sube_A,avm,evet,13,26
T0052,Sube_B,avm,hayir,15,27
T0053,Sube_B,avm,evet,9,22
T0054,Sube_B,avm,hayir,14,25
T0055,Sube_A,sanayi,evet,12,13
T0056,Sube_B,sanayi,hayir,8,17
T0057,Sube_A,sanayi,evet,14,16
T0058,Sube_B,avm,hayir,12,37
T0059,Sube_A,sanayi,hayir,14,12
T0060,Sube_A,sanayi,hayir,8,18
T0061,Sube_A,sanayi,hayir,15,17
T0062,Sube_B,avm,evet,9,25
T0063,Sube_B,avm,evet,8,29
T0064,Sube_B,avm,hayir,9,33
T0065,Sube_A,avm,evet,12,27
T0066,Sube_A,sanayi,hayir,9,17
T0067,Sube_B,avm,hayir,13,40
T0068,Sube_B,avm,evet,15,28
T0069,Sube_B,avm,evet,8,33
T0070,Sube_B,avm,hayir,11,28
T0071,Sube_B,avm,evet,14,34
T0072,Sube_A,sanayi,hayir,12,11
T0073,Sube_A,sanayi,hayir,8,10
T0074,Sube_B,avm,evet,8,38
T0075,Sube_A,sanayi,hayir,11,18
T0076,Sube_A,sanayi,hayir,11,16
T0077,Sube_B,avm,evet,14,29
T0078,Sube_A,sanayi,hayir,14,13
T0079,Sube_B,avm,evet,9,35
T0080,Sube_B,avm,evet,14,22
T0081,Sube_A,sanayi,hayir,13,9
T0082,Sube_B,sanayi,evet,13,8
T0083,Sube_A,sanayi,evet,12,17
T0084,Sube_B,avm,evet,15,37
T0085,Sube_A,sanayi,hayir,11,11
T0086,Sube_B,avm,evet,9,22
T0087,Sube_A,sanayi,evet,14,19
T0088,Sube_B,sanayi,evet,14,12
T0089,Sube_A,avm,evet,12,22
T0090,Sube_A,sanayi,hayir,9,11
T0091,Sube_A,avm,evet,14,28
T0092,Sube_B,avm,evet,14,33
T0093,Sube_B,avm,evet,12,37
T0094,Sube_B,avm,evet,15,28
T0095,Sube_A,sanayi,hayir,14,17
T0096,Sube_B,avm,evet,10,34
T0097,Sube_B,avm,evet,11,28
T0098,Sube_A,sanayi,hayir,10,20
T0099,Sube_A,sanayi,evet,15,18
T0100,Sube_B,avm,evet,11,39
T0101,Sube_A,avm,evet,14,30
T0102,Sube_A,sanayi,hayir,14,18
T0103,Sube_A,sanayi,hayir,8,12
T0104,Sube_B,avm,evet,12,36
T0105,Sube_A,avm,hayir,14,24
T0106,Sube_A,sanayi,hayir,14,10
T0107,Sube_A,sanayi,evet,12,8
T0108,Sube_A,sanayi,evet,12,11
T0109,Sube_B,avm,evet,10,21
T0110,Sube_B,avm,evet,10,24
T0111,Sube_A,sanayi,hayir,9,13
T0112,Sube_A,sanayi,hayir,13,14
T0113,Sube_B,avm,evet,13,23
T0114,Sube_B,sanayi,evet,9,16
T0115,Sube_A,sanayi,hayir,14,14
T0116,Sube_B,sanayi,hayir,9,12
T0117,Sube_A,sanayi,hayir,12,15
T0118,Sube_A,sanayi,hayir,9,10
T0119,Sube_B,avm,hayir,9,36
T0120,Sube_B,avm,evet,13,27
T0121,Sube_A,sanayi,evet,12,12
T0122,Sube_B,avm,evet,11,20
T0123,Sube_A,sanayi,hayir,11,20
T0124,Sube_A,avm,evet,9,20
T0125,Sube_B,avm,hayir,9,30
T0126,Sube_B,avm,evet,15,35
T0127,Sube_A,sanayi,evet,13,12
T0128,Sube_A,sanayi,hayir,13,8
T0129,Sube_A,sanayi,hayir,10,13
T0130,Sube_B,avm,evet,11,36
T0131,Sube_A,sanayi,evet,8,10
T0132,Sube_A,sanayi,evet,11,20
T0133,Sube_B,avm,evet,8,26
T0134,Sube_B,avm,evet,13,28
T0135,Sube_B,sanayi,hayir,13,8
T0136,Sube_A,sanayi,hayir,15,11
T0137,Sube_A,sanayi,evet,10,15
T0138,Sube_A,sanayi,hayir,14,15
T0139,Sube_A,avm,evet,13,21
T0140,Sube_A,sanayi,hayir,14,8
T0141,Sube_B,avm,hayir,10,28
T0142,Sube_B,avm,evet,15,37
T0143,Sube_A,sanayi,hayir,10,8
T0144,Sube_A,avm,evet,11,24
T0145,Sube_B,avm,evet,8,29
T0146,Sube_B,sanayi,hayir,8,11
T0147,Sube_A,sanayi,evet,13,8
T0148,Sube_B,sanayi,hayir,15,11
T0149,Sube_B,avm,evet,15,31
T0150,Sube_B,avm,evet,12,38
T0151,Sube_A,sanayi,evet,13,17
T0152,Sube_B,avm,evet,13,23
T0153,Sube_A,sanayi,hayir,11,16
T0154,Sube_A,sanayi,hayir,9,10
T0155,Sube_B,avm,evet,15,33
T0156,Sube_B,sanayi,evet,8,18
T0157,Sube_B,avm,evet,12,32
T0158,Sube_B,sanayi,evet,8,14
T0159,Sube_B,sanayi,hayir,11,17
T0160,Sube_B,avm,evet,10,24
T0161,Sube_A,avm,evet,13,25
T0162,Sube_A,sanayi,hayir,9,9
T0163,Sube_B,avm,evet,14,28
T0164,Sube_A,sanayi,evet,12,11
T0165,Sube_A,sanayi,hayir,8,9
T0166,Sube_B,avm,evet,11,40
T0167,Sube_B,avm,evet,9,25
T0168,Sube_A,sanayi,hayir,11,18
T0169,Sube_B,avm,evet,14,26
T0170,Sube_B,avm,evet,13,26
T0171,Sube_A,sanayi,evet,13,18
T0172,Sube_B,avm,evet,13,29
T0173,Sube_A,avm,evet,12,24
T0174,Sube_A,sanayi,hayir,14,13
T0175,Sube_B,avm,evet,9,30
T0176,Sube_B,avm,evet,13,31
T0177,Sube_B,avm,evet,8,37
T0178,Sube_A,sanayi,hayir,13,16
T0179,Sube_A,sanayi,evet,10,14
T0180,Sube_A,avm,evet,11,21
T0181,Sube_B,avm,evet,12,33
T0182,Sube_A,sanayi,hayir,9,20
T0183,Sube_B,sanayi,hayir,14,16
T0184,Sube_B,avm,evet,8,33
T0185,Sube_B,avm,hayir,13,40
T0186,Sube_A,sanayi,hayir,10,13
T0187,Sube_B,avm,evet,14,39
T0188,Sube_B,avm,hayir,12,21
T0189,Sube_A,sanayi,evet,11,11
T0190,Sube_B,avm,evet,14,30
T0191,Sube_A,sanayi,hayir,13,15
T0192,Sube_B,avm,evet,10,36
T0193,Sube_A,sanayi,hayir,15,16
T0194,Sube_A,sanayi,hayir,9,19
T0195,Sube_B,avm,evet,14,37
T0196,Sube_A,sanayi,hayir,9,17
T0197,Sube_A,sanayi,evet,8,12
T0198,Sube_A,sanayi,hayir,15,14
T0199,Sube_A,sanayi,hayir,11,19
T0200,Sube_B,sanayi,evet,14,11
T0201,Sube_B,avm,evet,15,39
T0202,Sube_B,avm,evet,15,30
T0203,Sube_A,sanayi,evet,13,19
T0204,Sube_A,sanayi,hayir,13,18
T0205,Sube_A,sanayi,evet,12,13
T0206,Sube_A,avm,evet,12,32
T0207,Sube_B,avm,evet,9,33
T0208,Sube_A,sanayi,evet,13,20
T0209,Sube_B,avm,evet,11,38
T0210,Sube_B,avm,evet,13,35
T0211,Sube_A,sanayi,evet,10,9
T0212,Sube_B,avm,evet,12,20
T0213,Sube_A,sanayi,hayir,14,20
T0214,Sube_B,sanayi,hayir,11,13
T0215,Sube_A,sanayi,hayir,15,12
T0216,Sube_B,avm,evet,12,31
T0217,Sube_B,avm,hayir,10,35
T0218,Sube_A,sanayi,hayir,11,20
T0219,Sube_B,avm,evet,15,22
T0220,Sube_A,sanayi,evet,15,16
T0221,Sube_B,avm,evet,9,33
T0222,Sube_A,sanayi,evet,13,11
T0223,Sube_A,sanayi,evet,9,9
T0224,Sube_A,avm,evet,8,26
T0225,Sube_A,avm,hayir,15,38
T0226,Sube_B,avm,evet,12,39
T0227,Sube_B,sanayi,hayir,10,12
T0228,Sube_B,avm,evet,8,32
T0229,Sube_B,avm,evet,13,29
T0230,Sube_B,avm,evet,14,24
T0231,Sube_A,sanayi,evet,9,10
T0232,Sube_A,sanayi,hayir,10,10
T0233,Sube_A,sanayi,hayir,13,13
T0234,Sube_B,avm,evet,9,20
T0235,Sube_B,avm,evet,10,24
T0236,Sube_A,sanayi,evet,10,10
T0237,Sube_B,sanayi,hayir,8,8
T0238,Sube_B,avm,evet,12,35
T0239,Sube_B,avm,evet,8,30
T0240,Sube_B,avm,evet,11,21
T0241,Sube_A,sanayi,hayir,8,15
T0242,Sube_B,sanayi,evet,14,15
T0243,Sube_A,avm,evet,13,36
T0244,Sube_B,avm,evet,13,20
T0245,Sube_A,avm,evet,12,22
T0246,Sube_B,sanayi,evet,9,12
T0247,Sube_B,avm,evet,13,25
T0248,Sube_A,sanayi,hayir,8,9
T0249,Sube_A,avm,evet,13,39
T0250,Sube_B,sanayi,hayir,12,13
T0251,Sube_A,sanayi,evet,11,19
T0252,Sube_A,sanayi,hayir,8,9
T0253,Sube_A,sanayi,hayir,13,19
T0254,Sube_B,avm,hayir,10,39
T0255,Sube_B,avm,evet,8,40
T0256,Sube_A,sanayi,evet,14,14
T0257,Sube_A,sanayi,hayir,11,14
T0258,Sube_A,sanayi,hayir,11,10
T0259,Sube_B,avm,evet,13,23
T0260,Sube_A,sanayi,evet,11,13
T0261,Sube_A,sanayi,hayir,11,20
T0262,Sube_B,avm,evet,15,37
T0263,Sube_A,sanayi,hayir,10,10
T0264,Sube_A,sanayi,evet,14,18
T0265,Sube_B,avm,evet,8,21
T0266,Sube_A,sanayi,evet,11,13
T0267,Sube_B,avm,evet,10,25
T0268,Sube_A,sanayi,evet,13,19
T0269,Sube_A,sanayi,hayir,15,18
T0270,Sube_A,sanayi,evet,9,16
T0271,Sube_A,sanayi,hayir,12,14
T0272,Sube_A,sanayi,hayir,13,13
T0273,Sube_A,sanayi,hayir,15,14
T0274,Sube_B,avm,evet,9,34
T0275,Sube_B,avm,evet,15,34
T0276,Sube_B,sanayi,evet,14,19
T0277,Sube_B,avm,hayir,9,27
T0278,Sube_B,avm,evet,14,20
T0279,Sube_A,sanayi,evet,15,9
T0280,Sube_A,sanayi,evet,8,14
T0281,Sube_A,sanayi,evet,11,8
T0282,Sube_A,sanayi,hayir,13,11
T0283,Sube_B,avm,evet,11,30
T0284,Sube_A,sanayi,evet,9,18
T0285,Sube_A,sanayi,evet,13,15
T0286,Sube_A,sanayi,evet,13,14
T0287,Sube_B,avm,evet,9,33
T0288,Sube_A,sanayi,evet,13,12
T0289,Sube_A,sanayi,hayir,14,13
T0290,Sube_B,avm,evet,11,40
T0291,Sube_A,sanayi,evet,13,16
T0292,Sube_A,avm,evet,14,22
T0293,Sube_A,avm,hayir,11,36
T0294,Sube_B,avm,evet,15,30
T0295,Sube_A,sanayi,hayir,10,18
T0296,Sube_A,avm,evet,11,22
T0297,Sube_B,avm,evet,10,35
T0298,Sube_A,avm,evet,14,24
T0299,Sube_B,avm,evet,14,28
T0300,Sube_A,sanayi,evet,9,16
T0301,Sube_B,sanayi,hayir,11,9
T0302,Sube_A,avm,evet,13,35
T0303,Sube_B,avm,evet,13,35
T0304,Sube_B,avm,evet,15,40
T0305,Sube_A,sanayi,hayir,13,10
T0306,Sube_A,sanayi,hayir,8,18
T0307,Sube_B,sanayi,hayir,15,11
T0308,Sube_B,avm,evet,15,29
T0309,Sube_B,avm,evet,9,28
T0310,Sube_A,avm,evet,11,30
T0311,Sube_B,avm,evet,8,38
T0312,Sube_B,avm,evet,9,24
T0313,Sube_B,sanayi,evet,11,11
T0314,Sube_A,sanayi,hayir,13,9
T0315,Sube_A,sanayi,evet,10,10
T0316,Sube_B,sanayi,hayir,12,15
T0317,Sube_B,avm,evet,8,29
T0318,Sube_B,avm,evet,13,37
T0319,Sube_B,sanayi,evet,13,10
T0320,Sube_A,sanayi,hayir,8,19
T0321,Sube_A,sanayi,hayir,13,8
T0322,Sube_B,avm,evet,9,25
T0323,Sube_B,avm,evet,14,35
T0324,Sube_A,sanayi,hayir,9,13
T0325,Sube_A,sanayi,evet,10,13
T0326,Sube_A,sanayi,evet,14,18
T0327,Sube_B,sanayi,hayir,14,8
T0328,Sube_A,avm,evet,8,34
T0329,Sube_A,sanayi,hayir,15,11
T0330,Sube_A,sanayi,hayir,10,20
T0331,Sube_A,sanayi,evet,15,16
T0332,Sube_B,avm,evet,9,36
T0333,Sube_A,sanayi,hayir,8,14
T0334,Sube_B,sanayi,evet,15,18
T0335,Sube_B,sanayi,hayir,9,16
T0336,Sube_B,sanayi,hayir,9,11
T0337,Sube_A,avm,evet,13,28
T0338,Sube_B,avm,hayir,14,22
T0339,Sube_A,sanayi,evet,13,10
T0340,Sube_A,sanayi,evet,15,13
T0341,Sube_B,avm,hayir,14,38
T0342,Sube_A,avm,evet,8,31
T0343,Sube_B,sanayi,hayir,11,14
T0344,Sube_A,sanayi,hayir,11,14
T0345,Sube_B,sanayi,evet,10,8
T0346,Sube_A,sanayi,evet,14,8
T0347,Sube_A,sanayi,evet,10,8
T0348,Sube_A,sanayi,evet,15,19
T0349,Sube_A,sanayi,hayir,11,12
T0350,Sube_A,sanayi,evet,10,16
T0351,Sube_A,sanayi,hayir,9,9
T0352,Sube_A,sanayi,hayir,13,16
T0353,Sube_A,avm,evet,10,21
T0354,Sube_B,avm,hayir,9,26
T0355,Sube_B,avm,evet,13,37
T0356,Sube_A,sanayi,hayir,9,14
T0357,Sube_B,avm,evet,10,26
T0358,Sube_A,sanayi,hayir,12,17
T0359,Sube_A,sanayi,evet,10,8
T0360,Sube_A,sanayi,hayir,8,16
T0361,Sube_A,sanayi,evet,8,18
T0362,Sube_B,avm,evet,11,22
T0363,Sube_B,avm,evet,8,33
T0364,Sube_A,avm,evet,13,26
T0365,Sube_B,avm,evet,10,35
T0366,Sube_B,avm,evet,10,37
T0367,Sube_B,avm,evet,12,21
T0368,Sube_A,sanayi,evet,12,18
T0369,Sube_A,sanayi,hayir,12,15
T0370,Sube_B,avm,evet,13,26
T0371,Sube_A,sanayi,hayir,14,18
T0372,Sube_A,sanayi,hayir,13,11
T0373,Sube_B,avm,evet,8,30
T0374,Sube_B,avm,evet,15,22
T0375,Sube_B,avm,evet,8,40
T0376,Sube_A,sanayi,evet,13,11
T0377,Sube_B,avm,evet,15,24
T0378,Sube_A,sanayi,hayir,8,8
T0379,Sube_A,sanayi,hayir,12,10
T0380,Sube_B,avm,evet,9,21
T0381,Sube_A,sanayi,evet,8,18
T0382,Sube_A,sanayi,hayir,15,15
T0383,Sube_B,sanayi,hayir,12,13
T0384,Sube_A,avm,evet,9,21
T0385,Sube_A,sanayi,evet,11,18
T0386,Sube_A,sanayi,evet,12,8
T0387,Sube_A,sanayi,hayir,15,10
T0388,Sube_B,avm,evet,10,35
T0389,Sube_B,avm,hayir,13,36
T0390,Sube_A,sanayi,evet,12,13
T0391,Sube_A,sanayi,evet,14,14
T0392,Sube_B,avm,evet,14,30
T0393,Sube_B,avm,evet,14,34
T0394,Sube_A,sanayi,evet,10,8
T0395,Sube_B,sanayi,hayir,15,18
T0396,Sube_B,avm,evet,15,26
T0397,Sube_B,avm,evet,13,25
T0398,Sube_B,sanayi,hayir,15,15
T0399,Sube_A,avm,evet,15,28
T0400,Sube_A,avm,evet,15,36
T0401,Sube_B,avm,evet,15,36
T0402,Sube_B,avm,evet,14,26
T0403,Sube_B,avm,evet,10,24
T0404,Sube_B,avm,evet,8,27
T0405,Sube_B,avm,evet,14,34
T0406,Sube_A,sanayi,evet,9,12
T0407,Sube_A,sanayi,evet,9,13
T0408,Sube_B,sanayi,evet,10,9
T0409,Sube_B,avm,evet,13,31
T0410,Sube_A,sanayi,hayir,8,13
T0411,Sube_B,avm,hayir,10,32
T0412,Sube_A,sanayi,hayir,8,9
T0413,Sube_B,avm,evet,14,21
T0414,Sube_A,sanayi,hayir,8,17
T0415,Sube_A,sanayi,evet,12,11
T0416,Sube_A,sanayi,evet,11,17
T0417,Sube_A,sanayi,hayir,9,14
T0418,Sube_A,sanayi,hayir,9,12
T0419,Sube_A,sanayi,hayir,13,20
T0420,Sube_B,avm,evet,8,37
T0421,Sube_B,avm,hayir,13,31
T0422,Sube_A,sanayi,hayir,15,18
T0423,Sube_A,avm,evet,10,21
T0424,Sube_B,avm,evet,10,39
T0425,Sube_A,sanayi,evet,8,16
T0426,Sube_A,sanayi,evet,8,14
T0427,Sube_B,avm,evet,9,20
T0428,Sube_B,avm,evet,13,34
T0429,Sube_A,avm,evet,13,39
T0430,Sube_A,avm,evet,15,37
T0431,Sube_A,sanayi,hayir,14,20
T0432,Sube_B,avm,evet,13,40
T0433,Sube_B,avm,evet,14,39
T0434,Sube_B,avm,evet,13,20
T0435,Sube_B,avm,evet,8,30
T0436,Sube_A,sanayi,hayir,14,9
T0437,Sube_A,sanayi,evet,12,12
T0438,Sube_B,avm,evet,10,34
T0439,Sube_B,sanayi,evet,8,9
T0440,Sube_B,avm,evet,15,36
T0441,Sube_A,sanayi,evet,12,13
T0442,Sube_A,avm,evet,11,20
T0443,Sube_A,sanayi,evet,15,20
T0444,Sube_B,avm,evet,8,30
T0445,Sube_B,sanayi,evet,9,15
T0446,Sube_A,sanayi,evet,9,15
T0447,Sube_A,sanayi,evet,11,15
T0448,Sube_A,sanayi,hayir,14,20
T0449,Sube_B,avm,evet,15,27
T0450,Sube_B,avm,evet,15,34
T0451,Sube_A,sanayi,hayir,15,14
T0452,Sube_A,sanayi,hayir,13,9
T0453,Sube_A,avm,evet,8,36
T0454,Sube_A,sanayi,hayir,12,20
T0455,Sube_A,sanayi,evet,15,19
T0456,Sube_A,sanayi,hayir,10,16
T0457,Sube_A,sanayi,evet,9,15
T0458,Sube_A,avm,evet,10,28
T0459,Sube_A,sanayi,hayir,15,15
T0460,Sube_B,avm,evet,13,30
T0461,Sube_B,avm,evet,13,22
T0462,Sube_A,sanayi,evet,12,10
T0463,Sube_A,avm,evet,11,24
T0464,Sube_B,avm,evet,12,32
T0465,Sube_B,avm,evet,11,38
T0466,Sube_B,avm,evet,14,39
T0467,Sube_A,sanayi,evet,10,17
T0468,Sube_A,sanayi,evet,11,19
T0469,Sube_B,avm,evet,12,35
T0470,Sube_B,avm,evet,11,24
T0471,Sube_B,sanayi,hayir,11,8
T0472,Sube_B,avm,evet,13,34
T0473,Sube_B,avm,evet,13,39
T0474,Sube_B,avm,evet,8,36
T0475,Sube_B,avm,evet,8,31
T0476,Sube_A,avm,evet,11,31
T0477,Sube_A,sanayi,hayir,13,9
T0478,Sube_B,avm,evet,10,31
T0479,Sube_A,sanayi,hayir,12,11
T0480,Sube_B,avm,evet,12,39
T0481,Sube_B,avm,evet,10,34
T0482,Sube_B,avm,evet,11,36
T0483,Sube_B,avm,evet,10,34
T0484,Sube_B,avm,evet,13,28
T0485,Sube_A,avm,hayir,8,25
T0486,Sube_A,avm,evet,9,36
T0487,Sube_A,sanayi,evet,11,12
T0488,Sube_B,avm,evet,13,35
T0489,Sube_B,avm,evet,13,40
T0490,Sube_B,sanayi,hayir,13,18
T0491,Sube_B,avm,evet,15,37
T0492,Sube_B,avm,evet,12,39
T0493,Sube_A,avm,evet,13,24
T0494,Sube_A,avm,evet,13,30
T0495,Sube_A,sanayi,hayir,11,18
T0496,Sube_B,sanayi,hayir,12,13
T0497,Sube_B,avm,hayir,14,32
T0498,Sube_B,avm,evet,14,32
T0499,Sube_A,sanayi,evet,9,11
T0500,Sube_A,sanayi,hayir,13,14
T0501,Sube_A,sanayi,evet,15,10
T0502,Sube_B,sanayi,hayir,9,20
T0503,Sube_B,sanayi,hayir,10,9
T0504,Sube_B,avm,evet,15,38
T0505,Sube_B,avm,evet,10,22
T0506,Sube_B,avm,evet,12,35
T0507,Sube_B,avm,hayir,10,29
T0508,Sube_A,sanayi,evet,15,11
T0509,Sube_B,avm,evet,14,20
T0510,Sube_B,avm,evet,15,20
T0511,Sube_B,avm,hayir,15,39
T0512,Sube_A,sanayi,evet,9,14
T0513,Sube_A,sanayi,hayir,14,17
T0514,Sube_B,avm,evet,11,23
T0515,Sube_A,sanayi,hayir,13,11
T0516,Sube_A,sanayi,evet,8,8
T0517,Sube_A,sanayi,evet,15,8
T0518,Sube_A,sanayi,hayir,13,9
T0519,Sube_A,sanayi,hayir,14,13
T0520,Sube_A,sanayi,hayir,10,17
T0521,Sube_A,sanayi,evet,9,16
T0522,Sube_A,avm,evet,15,21
T0523,Sube_A,avm,evet,13,32
T0524,Sube_A,sanayi,evet,13,8
T0525,Sube_A,avm,evet,15,25
T0526,Sube_B,avm,evet,8,30
T0527,Sube_A,avm,evet,12,34
T0528,Sube_B,avm,evet,13,24
T0529,Sube_A,sanayi,evet,13,19
T0530,Sube_B,avm,hayir,14,32
T0531,Sube_A,sanayi,evet,9,18
T0532,Sube_B,avm,evet,13,29
T0533,Sube_A,avm,evet,8,26
T0534,Sube_B,avm,evet,9,23
T0535,Sube_A,avm,evet,13,21
T0536,Sube_A,sanayi,hayir,15,20
T0537,Sube_B,avm,hayir,13,26
T0538,Sube_A,sanayi,hayir,12,10
T0539,Sube_A,sanayi,hayir,8,12
T0540,Sube_B,avm,evet,15,21
T0541,Sube_B,avm,evet,9,25
T0542,Sube_B,avm,evet,13,24
T0543,Sube_B,avm,evet,11,38
T0544,Sube_B,avm,hayir,12,31
T0545,Sube_A,sanayi,evet,11,18
T0546,Sube_A,sanayi,evet,15,8
T0547,Sube_A,sanayi,hayir,13,8
T0548,Sube_B,avm,evet,13,38
T0549,Sube_A,sanayi,hayir,9,17
T0550,Sube_B,sanayi,hayir,9,14
T0551,Sube_A,avm,evet,9,35
T0552,Sube_A,avm,evet,14,31
T0553,Sube_A,sanayi,hayir,11,9
T0554,Sube_A,sanayi,hayir,10,8
T0555,Sube_A,avm,evet,11,35
T0556,Sube_B,avm,evet,8,40
T0557,Sube_A,avm,evet,12,35
T0558,Sube_A,sanayi,evet,8,8
T0559,Sube_A,sanayi,evet,8,20
T0560,Sube_B,sanayi,evet,14,15
T0561,Sube_A,sanayi,evet,15,14
T0562,Sube_A,sanayi,evet,8,9
T0563,Sube_B,avm,evet,8,24
T0564,Sube_A,sanayi,hayir,14,11
T0565,Sube_B,avm,evet,8,36
T0566,Sube_A,sanayi,evet,14,11
T0567,Sube_B,sanayi,evet,12,20
T0568,Sube_B,avm,evet,14,35
T0569,Sube_B,sanayi,evet,11,17
T0570,Sube_A,sanayi,evet,9,13
T0571,Sube_A,sanayi,hayir,10,11
T0572,Sube_B,sanayi,hayir,14,15
T0573,Sube_A,sanayi,evet,13,17
T0574,Sube_B,avm,hayir,9,27
T0575,Sube_B,avm,evet,9,31
T0576,Sube_A,avm,evet,11,32
T0577,Sube_B,sanayi,hayir,13,9
T0578,Sube_B,sanayi,hayir,10,19
T0579,Sube_A,sanayi,evet,12,11
T0580,Sube_A,sanayi,hayir,14,13
T0581,Sube_B,sanayi,hayir,11,9
T0582,Sube_A,sanayi,evet,10,19
T0583,Sube_A,sanayi,hayir,8,13
T0584,Sube_B,avm,evet,10,36
T0585,Sube_B,avm,evet,14,29
T0586,Sube_B,avm,evet,10,38
T0587,Sube_A,avm,evet,15,39
T0588,Sube_A,sanayi,hayir,11,18
T0589,Sube_B,avm,evet,14,25
T0590,Sube_B,sanayi,hayir,15,19
T0591,Sube_A,sanayi,evet,11,17
T0592,Sube_A,sanayi,hayir,13,12
T0593,Sube_B,avm,evet,12,23
T0594,Sube_B,avm,evet,13,33
T0595,Sube_B,sanayi,hayir,11,20
T0596,Sube_B,avm,evet,12,33
T0597,Sube_B,avm,evet,12,27
T0598,Sube_B,avm,evet,12,40
T0599,Sube_A,avm,hayir,10,32
T0600,Sube_B,avm,evet,11,32
T0601,Sube_A,avm,evet,15,28
T0602,Sube_B,avm,evet,13,40
T0603,Sube_A,sanayi,evet,9,13
T0604,Sube_A,sanayi,hayir,10,14
T0605,Sube_A,avm,evet,11,40
T0606,Sube_B,sanayi,hayir,9,8
T0607,Sube_B,avm,hayir,15,33
T0608,Sube_A,sanayi,hayir,9,19
T0609,Sube_B,avm,evet,8,26
T0610,Sube_A,sanayi,hayir,10,12
T0611,Sube_A,avm,evet,12,20
T0612,Sube_B,avm,evet,9,38
T0613,Sube_A,avm,hayir,8,22
T0614,Sube_B,avm,evet,10,30
T0615,Sube_A,sanayi,evet,15,16
T0616,Sube_B,avm,evet,8,35
T0617,Sube_B,sanayi,hayir,8,19
T0618,Sube_B,avm,evet,10,37
T0619,Sube_A,sanayi,evet,9,17
T0620,Sube_B,avm,evet,12,36
T0621,Sube_A,sanayi,evet,13,12
T0622,Sube_B,avm,evet,13,26
T0623,Sube_B,avm,evet,8,40
T0624,Sube_A,avm,hayir,12,28
T0625,Sube_A,sanayi,hayir,11,11
T0626,Sube_B,avm,evet,12,37
T0627,Sube_B,avm,evet,14,36
T0628,Sube_A,sanayi,evet,13,10
T0629,Sube_A,sanayi,hayir,10,8
T0630,Sube_B,avm,evet,8,29
T0631,Sube_B,avm,evet,10,27
T0632,Sube_B,sanayi,hayir,15,18
T0633,Sube_A,sanayi,evet,10,14
T0634,Sube_B,avm,hayir,11,30
T0635,Sube_A,sanayi,evet,9,19
T0636,Sube_A,avm,evet,9,33
T0637,Sube_B,avm,hayir,11,35
T0638,Sube_A,sanayi,hayir,11,13
T0639,Sube_A,sanayi,hayir,15,20
T0640,Sube_A,sanayi,hayir,10,12
T0641,Sube_B,avm,evet,14,38
T0642,Sube_B,avm,evet,8,26
T0643,Sube_B,avm,evet,15,25
T0644,Sube_B,avm,evet,9,25
T0645,Sube_B,avm,evet,10,32
T0646,Sube_A,sanayi,hayir,14,17
T0647,Sube_A,sanayi,hayir,12,11
T0648,Sube_B,avm,evet,8,33
T0649,Sube_B,avm,evet,13,24
T0650,Sube_B,avm,evet,10,30
T0651,Sube_B,avm,hayir,14,35
T0652,Sube_B,avm,evet,11,27
T0653,Sube_A,sanayi,evet,15,11
T0654,Sube_A,sanayi,hayir,12,15
T0655,Sube_A,sanayi,hayir,8,8
T0656,Sube_A,avm,evet,15,31
T0657,Sube_B,sanayi,hayir,15,9
T0658,Sube_A,sanayi,hayir,8,11
T0659,Sube_A,sanayi,hayir,10,11
T0660,Sube_A,sanayi,evet,11,17
T0661,Sube_B,avm,evet,13,36
T0662,Sube_B,avm,evet,15,33
T0663,Sube_B,avm,evet,13,37
T0664,Sube_A,sanayi,evet,12,16
T0665,Sube_A,sanayi,hayir,9,12
T0666,Sube_B,avm,evet,13,38
T0667,Sube_A,sanayi,hayir,13,13
T0668,Sube_A,sanayi,hayir,11,13
T0669,Sube_B,avm,evet,9,35
T0670,Sube_A,sanayi,hayir,8,13
T0671,Sube_B,avm,evet,11,21
T0672,Sube_A,sanayi,hayir,12,17
T0673,Sube_B,avm,evet,14,24
T0674,Sube_A,avm,evet,13,39
T0675,Sube_A,sanayi,hayir,10,8
T0676,Sube_B,sanayi,hayir,11,16
T0677,Sube_A,avm,hayir,14,29
T0678,Sube_A,avm,evet,10,28
T0679,Sube_B,avm,evet,14,32
T0680,Sube_B,avm,evet,12,33
T0681,Sube_B,avm,evet,11,28
T0682,Sube_B,avm,evet,14,32
T0683,Sube_A,sanayi,hayir,14,11
T0684,Sube_B,avm,evet,14,26
T0685,Sube_A,sanayi,evet,9,17
T0686,Sube_A,sanayi,evet,14,13
T0687,Sube_B,avm,evet,10,36
T0688,Sube_A,sanayi,hayir,9,16
T0689,Sube_A,sanayi,evet,12,19
T0690,Sube_A,sanayi,hayir,14,10
T0691,Sube_B,avm,evet,9,40
T0692,Sube_B,avm,evet,15,36
T0693,Sube_A,sanayi,hayir,14,12
T0694,Sube_B,avm,evet,15,28
T0695,Sube_B,avm,evet,13,22
T0696,Sube_B,sanayi,hayir,9,8
T0697,Sube_B,avm,evet,8,22
T0698,Sube_A,sanayi,hayir,14,16
T0699,Sube_B,avm,evet,15,25
T0700,Sube_A,sanayi,hayir,15,19
T0701,Sube_B,avm,hayir,8,21
T0702,Sube_B,avm,evet,8,40
T0703,Sube_A,sanayi,hayir,13,14
T0704,Sube_A,sanayi,evet,11,9
T0705,Sube_B,avm,evet,9,20
T0706,Sube_B,avm,evet,8,31
T0707,Sube_B,avm,evet,13,23
T0708,Sube_A,sanayi,evet,8,11
T0709,Sube_A,sanayi,hayir,14,11
T0710,Sube_B,avm,evet,14,30
T0711,Sube_B,avm,evet,12,34
T0712,Sube_A,sanayi,evet,8,19
T0713,Sube_B,avm,evet,13,24
T0714,Sube_B,avm,evet,15,26
T0715,Sube_A,sanayi,hayir,10,8
T0716,Sube_B,avm,evet,13,21
T0717,Sube_A,sanayi,hayir,9,11
T0718,Sube_B,avm,evet,12,39
T0719,Sube_A,avm,evet,15,20
T0720,Sube_B,sanayi,evet,13,13
T0721,Sube_A,avm,evet,9,30
T0722,Sube_A,sanayi,evet,10,13
T0723,Sube_A,avm,evet,11,38
T0724,Sube_A,avm,evet,10,26
T0725,Sube_A,sanayi,evet,12,8
T0726,Sube_B,sanayi,evet,14,11
T0727,Sube_A,sanayi,hayir,8,10
T0728,Sube_B,avm,hayir,9,39
T0729,Sube_B,sanayi,hayir,11,15
T0730,Sube_A,avm,evet,9,36
T0731,Sube_B,avm,evet,10,27
T0732,Sube_B,sanayi,hayir,13,10
T0733,Sube_A,sanayi,evet,12,8
T0734,Sube_A,avm,evet,15,30
T0735,Sube_B,sanayi,evet,12,9
T0736,Sube_B,sanayi,evet,13,20
T0737,Sube_B,sanayi,hayir,10,11
T0738,Sube_B,avm,evet,8,29
T0739,Sube_B,sanayi,hayir,13,18
T0740,Sube_A,sanayi,hayir,15,10
T0741,Sube_A,sanayi,hayir,12,14
T0742,Sube_B,avm,evet,13,38
T0743,Sube_A,sanayi,evet,14,12
T0744,Sube_A,avm,evet,14,38
T0745,Sube_A,sanayi,evet,12,10
T0746,Sube_B,avm,evet,8,32
T0747,Sube_B,avm,evet,8,36
T0748,Sube_A,avm,evet,10,22
T0749,Sube_A,sanayi,hayir,11,18
T0750,Sube_A,sanayi,hayir,11,13
T0751,Sube_A,sanayi,evet,10,9
T0752,Sube_B,avm,evet,8,21
T0753,Sube_A,sanayi,hayir,10,15
T0754,Sube_A,sanayi,hayir,14,11
T0755,Sube_B,avm,evet,10,28
T0756,Sube_B,sanayi,evet,8,9
T0757,Sube_B,avm,evet,10,35
T0758,Sube_B,avm,evet,11,39
T0759,Sube_A,sanayi,evet,8,13
T0760,Sube_B,avm,evet,15,26
T0761,Sube_B,avm,evet,11,40
T0762,Sube_A,sanayi,hayir,14,12
T0763,Sube_B,avm,evet,15,23
T0764,Sube_A,avm,evet,13,37
T0765,Sube_A,sanayi,hayir,15,12
T0766,Sube_B,sanayi,evet,11,11
T0767,Sube_A,sanayi,hayir,10,19
T0768,Sube_B,avm,evet,9,25
T0769,Sube_B,avm,evet,15,40
T0770,Sube_A,sanayi,evet,14,10
T0771,Sube_A,sanayi,hayir,12,16
T0772,Sube_B,avm,evet,12,30
T0773,Sube_B,avm,hayir,9,32
T0774,Sube_B,sanayi,evet,10,11
T0775,Sube_A,sanayi,hayir,10,8
T0776,Sube_A,sanayi,hayir,14,13
T0777,Sube_A,sanayi,hayir,15,9
T0778,Sube_A,sanayi,evet,15,8
T0779,Sube_A,sanayi,evet,15,14
T0780,Sube_B,avm,evet,12,20
T0781,Sube_B,sanayi,hayir,11,9
T0782,Sube_A,avm,evet,10,32
T0783,Sube_A,sanayi,hayir,15,11
T0784,Sube_A,avm,evet,10,31
T0785,Sube_A,sanayi,hayir,8,9
T0786,Sube_B,avm,evet,11,32
T0787,Sube_A,sanayi,hayir,9,14
T0788,Sube_A,avm,evet,15,30
T0789,Sube_B,avm,evet,8,37
T0790,Sube_B,avm,evet,9,38
T0791,Sube_B,avm,evet,15,36
T0792,Sube_A,sanayi,hayir,10,12
T0793,Sube_A,sanayi,evet,11,18
T0794,Sube_B,avm,evet,10,33
T0795,Sube_A,sanayi,hayir,9,17
T0796,Sube_B,sanayi,hayir,10,17
T0797,Sube_B,avm,evet,13,20
T0798,Sube_A,sanayi,evet,10,16
T0799,Sube_B,avm,evet,13,21
T0800,Sube_A,avm,evet,8,22
T0801,Sube_B,avm,evet,14,40
T0802,Sube_A,sanayi,hayir,14,18
T0803,Sube_B,avm,evet,10,29
T0804,Sube_A,sanayi,hayir,14,14
T0805,Sube_B,avm,evet,14,34
T0806,Sube_B,avm,evet,10,23
T0807,Sube_A,sanayi,hayir,11,12
T0808,Sube_A,sanayi,evet,9,15
T0809,Sube_A,avm,evet,8,34
T0810,Sube_A,sanayi,hayir,8,9
T0811,Sube_A,sanayi,evet,10,16
T0812,Sube_B,avm,evet,11,38
T0813,Sube_B,avm,evet,8,26
T0814,Sube_A,sanayi,hayir,12,10
T0815,Sube_B,avm,evet,12,28
T0816,Sube_A,sanayi,evet,8,15
T0817,Sube_B,avm,hayir,12,25
T0818,Sube_B,avm,evet,15,32
T0819,Sube_A,avm,evet,12,25
T0820,Sube_A,sanayi,hayir,13,19
T0821,Sube_B,avm,evet,12,21
T0822,Sube_B,avm,evet,10,31
T0823,Sube_B,sanayi,evet,11,15
T0824,Sube_B,avm,evet,14,27
T0825,Sube_A,avm,evet,10,24
T0826,Sube_A,sanayi,hayir,14,13
T0827,Sube_B,avm,evet,14,35
T0828,Sube_B,sanayi,hayir,9,17
T0829,Sube_B,avm,evet,8,40
T0830,Sube_B,avm,hayir,9,37
T0831,Sube_B,avm,evet,10,36
T0832,Sube_B,sanayi,evet,12,8
T0833,Sube_A,sanayi,hayir,11,18
T0834,Sube_A,sanayi,evet,9,13
T0835,Sube_A,sanayi,hayir,11,11
T0836,Sube_B,avm,evet,12,34
T0837,Sube_B,avm,evet,8,24
T0838,Sube_A,sanayi,hayir,15,18
T0839,Sube_A,avm,evet,9,22
T0840,Sube_A,sanayi,hayir,8,9
T0841,Sube_A,sanayi,evet,9,13
T0842,Sube_B,avm,evet,13,30
T0843,Sube_A,sanayi,hayir,9,10
T0844,Sube_A,avm,evet,12,24
T0845,Sube_B,avm,evet,15,27
T0846,Sube_A,sanayi,hayir,9,19
T0847,Sube_A,sanayi,hayir,8,19
T0848,Sube_B,sanayi,evet,10,9
T0849,Sube_A,sanayi,evet,15,12
T0850,Sube_B,avm,hayir,15,40
T0851,Sube_A,sanayi,evet,9,13
T0852,Sube_A,sanayi,evet,15,11
T0853,Sube_B,sanayi,hayir,10,10
T0854,Sube_B,avm,evet,9,34
T0855,Sube_A,avm,evet,14,34
T0856,Sube_B,avm,evet,13,34
T0857,Sube_A,sanayi,evet,12,19
T0858,Sube_B,avm,evet,11,21
T0859,Sube_B,avm,evet,8,30
T0860,Sube_A,sanayi,hayir,14,14
T0861,Sube_B,avm,hayir,12,33
T0862,Sube_A,sanayi,hayir,10,15
T0863,Sube_B,sanayi,hayir,9,14
T0864,Sube_A,sanayi,evet,10,12
T0865,Sube_B,avm,evet,8,22
T0866,Sube_B,avm,evet,9,22
T0867,Sube_B,avm,evet,10,34
T0868,Sube_A,sanayi,hayir,14,10
T0869,Sube_A,sanayi,hayir,14,8
T0870,Sube_A,sanayi,hayir,10,12
T0871,Sube_B,avm,hayir,14,29
T0872,Sube_B,avm,evet,8,34
T0873,Sube_A,avm,evet,13,26
T0874,Sube_B,sanayi,hayir,15,16
T0875,Sube_A,sanayi,evet,10,15
T0876,Sube_B,avm,hayir,9,26
T0877,Sube_B,sanayi,hayir,15,12
T0878,Sube_B,avm,evet,13,28
T0879,Sube_A,avm,evet,9,29
T0880,Sube_A,sanayi,hayir,12,16
T0881,Sube_B,avm,evet,9,23
T0882,Sube_B,sanayi,evet,8,13
T0883,Sube_B,sanayi,hayir,13,15
T0884,Sube_B,avm,evet,10,26
T0885,Sube_A,avm,evet,11,21
T0886,Sube_B,avm,evet,14,26
T0887,Sube_B,avm,evet,11,32
T0888,Sube_B,sanayi,hayir,15,9
T0889,Sube_A,sanayi,hayir,13,19
T0890,Sube_A,sanayi,hayir,13,17
T0891,Sube_A,sanayi,evet,10,20
T0892,Sube_A,sanayi,evet,9,19
T0893,Sube_A,sanayi,evet,10,8
T0894,Sube_B,avm,hayir,10,31
T0895,Sube_B,avm,evet,9,28
T0896,Sube_B,sanayi,evet,13,10
T0897,Sube_B,avm,evet,12,31
T0898,Sube_A,sanayi,hayir,12,10
T0899,Sube_B,avm,hayir,13,33
T0900,Sube_A,avm,evet,11,27
T0901,Sube_B,avm,evet,11,20
T0902,Sube_B,avm,hayir,9,22
T0903,Sube_A,sanayi,hayir,11,18
T0904,Sube_A,avm,evet,14,33
T0905,Sube_A,sanayi,evet,12,15
T0906,Sube_A,sanayi,evet,14,19
T0907,Sube_B,avm,evet,11,23
T0908,Sube_B,avm,evet,9,39
T0909,Sube_A,sanayi,evet,8,14
T0910,Sube_B,avm,evet,9,24
T0911,Sube_A,sanayi,hayir,9,9
T0912,Sube_B,avm,evet,12,36
T0913,Sube_A,sanayi,evet,10,16
T0914,Sube_B,avm,evet,9,35
T0915,Sube_A,avm,evet,12,32
T0916,Sube_B,avm,evet,14,20
T0917,Sube_B,avm,evet,8,32
T0918,Sube_A,sanayi,evet,14,11
T0919,Sube_B,sanayi,hayir,12,8
T0920,Sube_A,sanayi,hayir,12,8
T0921,Sube_A,sanayi,hayir,10,18
T0922,Sube_B,sanayi,hayir,15,10
T0923,Sube_A,sanayi,evet,12,18
T0924,Sube_A,sanayi,hayir,12,15
T0925,Sube_B,avm,evet,11,32
T0926,Sube_A,sanayi,hayir,13,14
T0927,Sube_A,sanayi,evet,13,16
T0928,Sube_A,sanayi,evet,8,9
T0929,Sube_B,avm,evet,10,21
T0930,Sube_A,sanayi,evet,15,10
T0931,Sube_A,sanayi,hayir,12,14
T0932,Sube_A,sanayi,evet,13,18
T0933,Sube_B,avm,evet,14,23
T0934,Sube_A,sanayi,evet,11,9
T0935,Sube_A,sanayi,evet,12,20
T0936,Sube_B,avm,evet,11,28
T0937,Sube_B,avm,evet,8,26
T0938,Sube_A,sanayi,hayir,8,18
T0939,Sube_A,sanayi,hayir,10,17
T0940,Sube_A,sanayi,evet,14,19
T0941,Sube_B,avm,evet,13,29
T0942,Sube_A,sanayi,evet,9,15
T0943,Sube_A,sanayi,hayir,15,12
T0944,Sube_A,sanayi,hayir,8,8
T0945,Sube_A,sanayi,evet,15,13
T0946,Sube_B,avm,evet,14,40
T0947,Sube_A,avm,evet,15,26
T0948,Sube_A,sanayi,evet,14,10
T0949,Sube_A,sanayi,evet,9,14
T0950,Sube_A,sanayi,hayir,12,12
T0951,Sube_B,avm,evet,9,34
T0952,Sube_B,avm,evet,12,20
T0953,Sube_B,avm,evet,10,29
T0954,Sube_A,sanayi,hayir,9,9
T0955,Sube_A,sanayi,hayir,15,13
T0956,Sube_A,sanayi,evet,12,14
T0957,Sube_B,avm,hayir,8,30
T0958,Sube_A,sanayi,hayir,13,17
T0959,Sube_A,sanayi,evet,14,10
T0960,Sube_B,sanayi,hayir,9,18
T0961,Sube_B,avm,hayir,10,36
T0962,Sube_A,sanayi,hayir,13,15
T0963,Sube_A,sanayi,evet,15,14
T0964,Sube_A,sanayi,evet,13,13
T0965,Sube_A,sanayi,hayir,14,18
T0966,Sube_B,avm,evet,14,33
T0967,Sube_A,avm,evet,10,27
T0968,Sube_B,avm,evet,12,35
T0969,Sube_A,avm,evet,9,35
T0970,Sube_A,sanayi,hayir,9,8
T0971,Sube_B,avm,evet,15,23
T0972,Sube_B,avm,evet,8,22
T0973,Sube_B,sanayi,hayir,13,17
T0974,Sube_A,sanayi,hayir,11,17
T0975,Sube_A,sanayi,hayir,13,15
T0976,Sube_B,avm,evet,13,31
T0977,Sube_B,avm,evet,9,23
T0978,Sube_B,avm,evet,11,22
T0979,Sube_B,avm,evet,12,25
T0980,Sube_A,sanayi,hayir,11,14
T0981,Sube_B,avm,evet,15,27
T0982,Sube_A,avm,evet,14,34
T0983,Sube_B,avm,evet,14,36
T0984,Sube_B,avm,evet,9,32
T0985,Sube_A,sanayi,hayir,9,11
T0986,Sube_A,sanayi,hayir,15,15
T0987,Sube_B,avm,hayir,11,24
T0988,Sube_B,avm,evet,11,31
T0989,Sube_B,sanayi,hayir,12,12
T0990,Sube_A,sanayi,hayir,15,15
T0991,Sube_A,sanayi,hayir,9,9
T0992,Sube_A,sanayi,hayir,8,14
T0993,Sube_A,sanayi,evet,12,10
T0994,Sube_A,sanayi,evet,12,10
T0995,Sube_A,avm,evet,12,21
T0996,Sube_A,sanayi,hayir,9,10
T0997,Sube_A,sanayi,evet,14,8
T0998,Sube_B,avm,evet,13,26
T0999,Sube_A,sanayi,evet,13,17
T1000,Sube_B,avm,evet,15,27
T1001,Sube_B,avm,evet,14,40
T1002,Sube_B,avm,hayir,10,38
T1003,Sube_B,avm,evet,14,39
T1004,Sube_B,avm,evet,8,33
T1005,Sube_A,sanayi,hayir,12,17
T1006,Sube_A,sanayi,hayir,12,16
T1007,Sube_A,sanayi,evet,14,9
T1008,Sube_A,sanayi,hayir,11,14
T1009,Sube_B,avm,hayir,15,37
T1010,Sube_A,sanayi,hayir,10,10
T1011,Sube_A,sanayi,evet,14,17
T1012,Sube_A,sanayi,hayir,15,13
T1013,Sube_A,avm,evet,13,28
T1014,Sube_A,avm,evet,11,39
T1015,Sube_B,avm,evet,13,33
T1016,Sube_A,sanayi,evet,10,8
T1017,Sube_B,avm,hayir,15,32
T1018,Sube_B,sanayi,hayir,9,19
T1019,Sube_A,sanayi,evet,15,15
T1020,Sube_A,sanayi,hayir,10,17
T1021,Sube_B,avm,evet,10,34
T1022,Sube_B,avm,evet,10,23
T1023,Sube_A,sanayi,hayir,9,8
T1024,Sube_B,sanayi,hayir,13,12
T1025,Sube_B,sanayi,hayir,12,17
T1026,Sube_B,avm,evet,12,29
T1027,Sube_A,sanayi,evet,15,16
T1028,Sube_A,sanayi,hayir,9,13
T1029,Sube_B,avm,evet,12,28
T1030,Sube_B,avm,evet,9,36
T1031,Sube_B,avm,evet,14,20
T1032,Sube_A,sanayi,evet,10,9
T1033,Sube_A,sanayi,evet,13,13
T1034,Sube_A,sanayi,hayir,12,9
T1035,Sube_A,sanayi,evet,14,19
T1036,Sube_B,avm,evet,8,28
T1037,Sube_A,sanayi,hayir,9,11
T1038,Sube_A,avm,evet,9,29
T1039,Sube_B,sanayi,evet,9,9
T1040,Sube_B,sanayi,evet,13,12
T1041,Sube_B,avm,hayir,8,21
T1042,Sube_A,sanayi,evet,10,15
T1043,Sube_B,avm,evet,13,31
T1044,Sube_B,avm,hayir,14,34
T1045,Sube_A,sanayi,evet,9,18
T1046,Sube_B,avm,evet,8,30
T1047,Sube_B,avm,evet,13,21
T1048,Sube_B,sanayi,evet,8,12
T1049,Sube_A,sanayi,evet,9,14
T1050,Sube_B,avm,evet,8,38
T1051,Sube_A,sanayi,hayir,13,10
T1052,Sube_B,avm,evet,11,26
T1053,Sube_B,avm,evet,8,38
T1054,Sube_B,avm,evet,13,36
T1055,Sube_A,sanayi,hayir,10,13
T1056,Sube_B,sanayi,evet,13,11
T1057,Sube_A,sanayi,evet,15,12
T1058,Sube_B,avm,evet,14,31
T1059,Sube_B,avm,hayir,9,35
T1060,Sube_B,sanayi,hayir,8,16
T1061,Sube_B,sanayi,hayir,8,10
T1062,Sube_A,sanayi,hayir,11,12
T1063,Sube_B,avm,evet,10,23
T1064,Sube_A,sanayi,hayir,13,14
T1065,Sube_A,sanayi,evet,10,13
T1066,Sube_A,sanayi,evet,13,10
T1067,Sube_B,avm,evet,12,27
T1068,Sube_B,sanayi,hayir,14,14
T1069,Sube_B,avm,evet,9,28
T1070,Sube_B,avm,evet,14,26
T1071,Sube_B,avm,evet,9,22
T1072,Sube_B,avm,evet,12,21
T1073,Sube_A,sanayi,hayir,10,13
T1074,Sube_A,sanayi,hayir,8,18
T1075,Sube_B,avm,evet,10,24
T1076,Sube_B,avm,evet,15,24
T1077,Sube_A,sanayi,hayir,13,10
T1078,Sube_A,sanayi,evet,11,14
T1079,Sube_B,avm,evet,15,38
T1080,Sube_B,avm,evet,8,29
T1081,Sube_A,avm,evet,10,29
T1082,Sube_A,avm,evet,12,28
T1083,Sube_A,sanayi,evet,12,12
T1084,Sube_A,sanayi,hayir,10,20
T1085,Sube_B,avm,evet,15,40
T1086,Sube_A,avm,evet,9,33
T1087,Sube_A,sanayi,hayir,9,16
T1088,Sube_A,sanayi,hayir,12,19
T1089,Sube_A,sanayi,evet,13,18
T1090,Sube_B,avm,evet,11,29
T1091,Sube_B,avm,hayir,11,21
T1092,Sube_B,avm,evet,8,26
T1093,Sube_B,avm,hayir,11,39
T1094,Sube_B,avm,evet,15,35
T1095,Sube_B,sanayi,evet,8,18
T1096,Sube_A,avm,evet,12,39
T1097,Sube_A,avm,evet,13,21
T1098,Sube_B,avm,evet,12,30
T1099,Sube_B,avm,evet,13,35
T1100,Sube_A,sanayi,evet,14,16
T1101,Sube_A,avm,evet,15,32
T1102,Sube_B,sanayi,hayir,14,8
T1103,Sube_A,sanayi,hayir,11,18
T1104,Sube_B,avm,evet,14,35
T1105,Sube_B,avm,evet,15,23
T1106,Sube_A,sanayi,hayir,12,8
T1107,Sube_A,sanayi,hayir,12,13
T1108,Sube_A,sanayi,hayir,10,18
T1109,Sube_A,sanayi,hayir,9,9
T1110,Sube_B,avm,hayir,8,25
T1111,Sube_B,avm,evet,12,35
T1112,Sube_B,avm,evet,8,30
T1113,Sube_B,avm,evet,10,30
T1114,Sube_A,sanayi,evet,9,14
T1115,Sube_B,sanayi,hayir,13,14
T1116,Sube_B,avm,hayir,8,25
T1117,Sube_A,sanayi,evet,12,10
T1118,Sube_A,sanayi,evet,15,13
T1119,Sube_A,sanayi,evet,9,12
T1120,Sube_B,avm,evet,14,38
T1121,Sube_A,sanayi,evet,8,13
T1122,Sube_A,sanayi,hayir,8,19
T1123,Sube_A,sanayi,evet,14,14
T1124,Sube_A,sanayi,evet,12,20
T1125,Sube_A,sanayi,evet,15,9
T1126,Sube_A,sanayi,hayir,10,9
T1127,Sube_B,sanayi,hayir,13,17
T1128,Sube_A,avm,evet,12,26
T1129,Sube_B,avm,evet,10,20
T1130,Sube_B,avm,evet,10,24
T1131,Sube_B,avm,hayir,13,35
T1132,Sube_B,avm,evet,12,31
T1133,Sube_B,avm,evet,14,34
T1134,Sube_B,sanayi,hayir,8,9
T1135,Sube_A,sanayi,evet,11,20
T1136,Sube_A,avm,evet,12,31
T1137,Sube_A,sanayi,evet,9,9
T1138,Sube_B,avm,evet,15,20
T1139,Sube_A,avm,evet,9,36
T1140,Sube_B,avm,evet,10,33
T1141,Sube_A,avm,evet,14,36
T1142,Sube_B,sanayi,hayir,15,12
T1143,Sube_A,sanayi,hayir,9,12
T1144,Sube_B,sanayi,hayir,14,19
T1145,Sube_B,avm,evet,11,38
T1146,Sube_B,avm,evet,11,38
T1147,Sube_B,avm,hayir,13,28
T1148,Sube_A,sanayi,hayir,15,10
T1149,Sube_A,sanayi,evet,15,10
T1150,Sube_B,avm,evet,12,30
T1151,Sube_A,avm,evet,10,32
T1152,Sube_B,avm,evet,15,35
T1153,Sube_A,sanayi,evet,11,18
T1154,Sube_A,sanayi,hayir,15,12
T1155,Sube_A,sanayi,evet,8,15
T1156,Sube_B,avm,hayir,10,35
T1157,Sube_B,sanayi,hayir,8,13
T1158,Sube_B,avm,hayir,11,31
T1159,Sube_B,avm,evet,14,29
T1160,Sube_B,avm,evet,9,39
T1161,Sube_B,avm,evet,10,27
T1162,Sube_A,sanayi,evet,15,17
T1163,Sube_A,sanayi,evet,11,14
T1164,Sube_A,avm,evet,13,23
T1165,Sube_B,sanayi,hayir,13,8
T1166,Sube_A,sanayi,evet,8,17
T1167,Sube_A,avm,evet,13,21
T1168,Sube_A,avm,evet,15,25
T1169,Sube_B,avm,hayir,8,35
T1170,Sube_A,sanayi,evet,8,19
T1171,Sube_B,avm,evet,13,26
T1172,Sube_B,avm,evet,15,37
T1173,Sube_B,sanayi,hayir,14,9
T1174,Sube_A,sanayi,hayir,14,18
T1175,Sube_B,avm,evet,12,24
T1176,Sube_A,sanayi,evet,14,9
T1177,Sube_B,avm,evet,9,40
T1178,Sube_A,sanayi,evet,9,17
T1179,Sube_A,avm,hayir,14,23
T1180,Sube_A,sanayi,hayir,12,8
T1181,Sube_A,sanayi,evet,9,10
T1182,Sube_B,avm,evet,14,33
T1183,Sube_A,sanayi,hayir,15,20
T1184,Sube_A,sanayi,hayir,11,14
T1185,Sube_B,sanayi,hayir,10,14
T1186,Sube_A,sanayi,evet,12,20
T1187,Sube_B,avm,evet,10,39
T1188,Sube_B,avm,evet,12,22
T1189,Sube_A,sanayi,hayir,10,20
T1190,Sube_A,sanayi,evet,15,16
T1191,Sube_A,sanayi,hayir,8,16
T1192,Sube_B,avm,evet,12,38
T1193,Sube_B,avm,hayir,10,39
T1194,Sube_A,sanayi,hayir,15,9
T1195,Sube_A,sanayi,hayir,11,11
T1196,Sube_B,avm,evet,15,20
T1197,Sube_A,avm,evet,8,38
T1198,Sube_B,sanayi,evet,13,16
T1199,Sube_A,avm,evet,14,21
T1200,Sube_A,avm,evet,9,23
T1201,Sube_A,avm,evet,10,35
T1202,Sube_A,avm,evet,12,36
T1203,Sube_B,avm,evet,12,24
T1204,Sube_B,sanayi,evet,10,19
T1205,Sube_B,avm,evet,12,31
T1206,Sube_B,avm,evet,14,34
T1207,Sube_B,sanayi,hayir,10,8
T1208,Sube_A,sanayi,evet,10,15
T1209,Sube_A,sanayi,evet,9,16
T1210,Sube_A,avm,evet,8,24
T1211,Sube_B,avm,evet,8,30
T1212,Sube_A,avm,evet,13,39
T1213,Sube_A,sanayi,evet,14,10
T1214,Sube_A,sanayi,hayir,10,9
T1215,Sube_A,avm,evet,14,27
T1216,Sube_B,avm,evet,12,22
T1217,Sube_A,sanayi,hayir,12,8
T1218,Sube_B,avm,evet,12,26
T1219,Sube_B,sanayi,evet,11,18
T1220,Sube_A,avm,evet,13,20
T1221,Sube_A,sanayi,hayir,11,10
T1222,Sube_B,avm,evet,9,21
T1223,Sube_B,avm,evet,13,37
T1224,Sube_B,avm,evet,8,34
T1225,Sube_B,avm,hayir,15,21
T1226,Sube_A,sanayi,evet,8,11
T1227,Sube_B,avm,evet,8,31
T1228,Sube_A,sanayi,hayir,9,20
T1229,Sube_B,avm,evet,10,27
T1230,Sube_B,sanayi,hayir,15,19
T1231,Sube_A,sanayi,hayir,9,19
T1232,Sube_B,avm,evet,12,31
T1233,Sube_A,sanayi,evet,14,14
T1234,Sube_B,avm,evet,11,27
T1235,Sube_B,sanayi,hayir,8,10
T1236,Sube_B,avm,evet,14,38
T1237,Sube_B,avm,evet,10,24
T1238,Sube_A,sanayi,hayir,15,19
T1239,Sube_A,sanayi,evet,12,15
T1240,Sube_A,sanayi,evet,9,15
T1241,Sube_A,avm,evet,11,29
T1242,Sube_A,sanayi,hayir,14,17
T1243,Sube_A,avm,evet,14,35
T1244,Sube_A,sanayi,evet,8,10
T1245,Sube_B,sanayi,evet,10,20
T1246,Sube_B,avm,evet,8,34
T1247,Sube_B,avm,evet,12,31
T1248,Sube_A,sanayi,hayir,12,8
T1249,Sube_A,sanayi,hayir,13,11
T1250,Sube_B,avm,evet,14,23
T1251,Sube_B,sanayi,hayir,10,19
T1252,Sube_B,avm,evet,11,29
T1253,Sube_B,avm,evet,15,35
T1254,Sube_A,sanayi,evet,8,9
T1255,Sube_A,sanayi,evet,14,9
T1256,Sube_B,avm,hayir,8,24
T1257,Sube_A,sanayi,hayir,12,15
T1258,Sube_A,sanayi,hayir,12,9
T1259,Sube_B,avm,evet,10,26
T1260,Sube_B,avm,evet,8,32
T1261,Sube_B,avm,evet,14,30
T1262,Sube_B,avm,evet,10,21
T1263,Sube_A,sanayi,hayir,15,10
T1264,Sube_B,avm,evet,13,21
T1265,Sube_A,avm,evet,15,29
T1266,Sube_B,avm,hayir,10,32
T1267,Sube_A,sanayi,evet,11,13
T1268,Sube_A,sanayi,evet,9,20
T1269,Sube_A,avm,evet,12,39
T1270,Sube_B,avm,evet,9,21
T1271,Sube_B,avm,evet,10,36
T1272,Sube_B,avm,evet,8,29
T1273,Sube_A,sanayi,evet,15,14
T1274,Sube_B,avm,evet,10,24
T1275,Sube_B,avm,evet,15,32
T1276,Sube_A,sanayi,hayir,12,14
T1277,Sube_A,sanayi,evet,9,16
T1278,Sube_B,sanayi,evet,10,9
T1279,Sube_A,sanayi,evet,13,18
T1280,Sube_A,sanayi,hayir,8,8
T1281,Sube_B,avm,evet,15,25
T1282,Sube_A,sanayi,evet,12,15
T1283,Sube_A,sanayi,evet,14,12
T1284,Sube_B,avm,hayir,9,24
T1285,Sube_A,sanayi,hayir,14,9
T1286,Sube_A,avm,evet,13,38
T1287,Sube_B,avm,evet,14,39
T1288,Sube_B,avm,evet,13,34
T1289,Sube_A,sanayi,hayir,14,20
T1290,Sube_B,avm,evet,10,32
T1291,Sube_B,avm,evet,15,27
T1292,Sube_B,avm,evet,9,25
T1293,Sube_B,avm,evet,12,34
T1294,Sube_B,sanayi,hayir,10,19
T1295,Sube_A,sanayi,evet,14,18
T1296,Sube_A,sanayi,hayir,14,17
T1297,Sube_A,sanayi,hayir,10,14
T1298,Sube_B,avm,evet,9,31
T1299,Sube_B,avm,evet,14,31
T1300,Sube_A,sanayi,hayir,12,8
T1301,Sube_B,avm,evet,10,35
T1302,Sube_A,sanayi,hayir,13,15
T1303,Sube_A,sanayi,hayir,9,16
T1304,Sube_B,sanayi,hayir,9,13
T1305,Sube_B,sanayi,hayir,13,9
T1306,Sube_B,sanayi,evet,15,16
T1307,Sube_A,sanayi,hayir,10,11
T1308,Sube_A,avm,evet,10,33
T1309,Sube_B,avm,hayir,15,38
T1310,Sube_A,sanayi,evet,14,16
T1311,Sube_A,avm,evet,15,36
T1312,Sube_B,sanayi,evet,14,15
T1313,Sube_B,avm,hayir,9,25
T1314,Sube_A,sanayi,hayir,11,19
T1315,Sube_B,sanayi,evet,14,16
T1316,Sube_A,avm,evet,14,20
T1317,Sube_A,avm,evet,14,30
T1318,Sube_B,sanayi,evet,13,12
T1319,Sube_B,avm,evet,15,23
T1320,Sube_B,avm,evet,13,32
T1321,Sube_A,avm,evet,11,25
T1322,Sube_A,sanayi,evet,14,19
T1323,Sube_B,avm,evet,12,39
T1324,Sube_B,avm,evet,8,36
T1325,Sube_B,avm,evet,8,33
T1326,Sube_B,avm,evet,10,28
T1327,Sube_A,sanayi,evet,9,11
T1328,Sube_A,sanayi,hayir,15,16
T1329,Sube_A,avm,evet,10,34
T1330,Sube_A,sanayi,evet,8,15
T1331,Sube_A,avm,evet,14,35
T1332,Sube_B,avm,evet,11,23
T1333,Sube_B,avm,evet,14,33
T1334,Sube_A,sanayi,evet,13,12
T1335,Sube_A,sanayi,hayir,13,9
T1336,Sube_A,avm,evet,11,27
T1337,Sube_A,sanayi,evet,14,10
T1338,Sube_A,sanayi,hayir,8,18
T1339,Sube_A,sanayi,evet,8,19
T1340,Sube_B,avm,evet,15,30
T1341,Sube_B,sanayi,hayir,14,18
T1342,Sube_A,sanayi,hayir,9,18
T1343,Sube_B,avm,evet,15,36
T1344,Sube_A,avm,evet,10,36
T1345,Sube_A,sanayi,hayir,10,13
T1346,Sube_A,sanayi,evet,15,19
T1347,Sube_B,avm,evet,10,26
T1348,Sube_B,avm,evet,11,36
T1349,Sube_B,sanayi,evet,9,16
T1350,Sube_A,avm,hayir,10,28
T1351,Sube_A,sanayi,evet,12,20
T1352,Sube_A,avm,evet,8,20
T1353,Sube_B,avm,evet,12,27
T1354,Sube_A,sanayi,hayir,13,15
T1355,Sube_B,avm,evet,14,30
T1356,Sube_A,sanayi,evet,8,9
T1357,Sube_B,sanayi,evet,10,16
T1358,Sube_A,sanayi,hayir,12,14
T1359,Sube_B,avm,evet,12,22
T1360,Sube_B,avm,evet,8,26
T1361,Sube_A,avm,evet,11,40
T1362,Sube_B,avm,evet,14,25
T1363,Sube_A,sanayi,evet,9,9
T1364,Sube_A,sanayi,hayir,8,14
T1365,Sube_B,avm,evet,13,29
T1366,Sube_A,avm,evet,12,28
T1367,Sube_A,sanayi,hayir,13,10
T1368,Sube_B,avm,evet,9,28
T1369,Sube_A,sanayi,hayir,8,15
T1370,Sube_A,sanayi,hayir,11,15
T1371,Sube_B,avm,evet,13,26
T1372,Sube_A,sanayi,hayir,13,20
T1373,Sube_A,sanayi,hayir,11,17
T1374,Sube_B,avm,evet,8,34
T1375,Sube_B,sanayi,evet,9,15
T1376,Sube_A,avm,evet,15,22
T1377,Sube_A,sanayi,hayir,9,10
T1378,Sube_A,sanayi,hayir,12,11
T1379,Sube_B,avm,evet,9,20
T1380,Sube_B,avm,evet,15,34
T1381,Sube_B,avm,evet,11,36
T1382,Sube_A,sanayi,evet,9,8
T1383,Sube_A,sanayi,hayir,13,8
T1384,Sube_B,avm,hayir,8,25
T1385,Sube_B,avm,evet,11,31
T1386,Sube_B,avm,evet,9,31
T1387,Sube_B,sanayi,evet,14,11
T1388,Sube_A,sanayi,evet,12,8
T1389,Sube_B,avm,evet,15,38
T1390,Sube_A,sanayi,hayir,11,10
T1391,Sube_A,avm,evet,10,34
T1392,Sube_B,avm,evet,10,39
T1393,Sube_B,avm,evet,14,21
T1394,Sube_A,sanayi,hayir,11,19
T1395,Sube_B,avm,evet,10,36
T1396,Sube_B,avm,evet,8,29
T1397,Sube_A,sanayi,hayir,11,11
T1398,Sube_B,avm,evet,11,36
T1399,Sube_B,avm,hayir,13,39
T1400,Sube_A,avm,evet,15,26
T1401,Sube_B,sanayi,hayir,12,13
T1402,Sube_A,sanayi,hayir,14,16
T1403,Sube_B,avm,evet,14,22
T1404,Sube_B,sanayi,hayir,9,17
T1405,Sube_B,avm,evet,12,36
T1406,Sube_A,sanayi,hayir,8,12
T1407,Sube_A,sanayi,evet,14,19
T1408,Sube_A,sanayi,evet,13,10
T1409,Sube_B,avm,evet,10,27
T1410,Sube_B,avm,hayir,14,35
T1411,Sube_B,avm,evet,15,37
T1412,Sube_A,sanayi,hayir,14,9
T1413,Sube_A,sanayi,hayir,10,15
T1414,Sube_B,avm,evet,14,40
T1415,Sube_B,sanayi,evet,10,19
T1416,Sube_B,avm,hayir,8,35
T1417,Sube_A,avm,evet,11,21
T1418,Sube_B,avm,evet,15,39
T1419,Sube_B,avm,hayir,8,24
T1420,Sube_A,avm,evet,8,32
T1421,Sube_A,sanayi,hayir,12,12
T1422,Sube_A,sanayi,evet,15,10
T1423,Sube_A,sanayi,evet,11,11
T1424,Sube_B,sanayi,evet,15,16
T1425,Sube_B,avm,evet,8,34
T1426,Sube_B,sanayi,hayir,8,18
T1427,Sube_A,sanayi,hayir,13,8
T1428,Sube_B,avm,evet,11,37
T1429,Sube_A,sanayi,hayir,10,16
T1430,Sube_B,avm,evet,12,21
T1431,Sube_A,avm,evet,14,38
T1432,Sube_A,sanayi,hayir,11,10
T1433,Sube_A,sanayi,evet,12,11
T1434,Sube_A,sanayi,hayir,12,19
T1435,Sube_B,sanayi,hayir,13,12
T1436,Sube_B,avm,evet,13,26
T1437,Sube_B,avm,evet,10,36
T1438,Sube_A,sanayi,evet,14,20
T1439,Sube_B,sanayi,hayir,9,13
T1440,Sube_B,sanayi,evet,8,11
T1441,Sube_B,sanayi,hayir,14,13
T1442,Sube_B,avm,evet,11,30
T1443,Sube_A,sanayi,hayir,12,8
T1444,Sube_A,sanayi,evet,10,19
T1445,Sube_A,avm,evet,8,28
T1446,Sube_B,avm,evet,10,31
T1447,Sube_A,sanayi,hayir,10,12
T1448,Sube_B,avm,evet,10,28
T1449,Sube_B,avm,evet,14,29
T1450,Sube_B,sanayi,evet,12,20
T1451,Sube_A,sanayi,hayir,14,12
T1452,Sube_A,sanayi,evet,8,9
T1453,Sube_B,sanayi,hayir,15,18
T1454,Sube_A,sanayi,hayir,9,10
T1455,Sube_A,avm,evet,8,37
T1456,Sube_A,sanayi,evet,12,12
T1457,Sube_B,avm,evet,10,25
T1458,Sube_B,avm,evet,9,20
T1459,Sube_A,sanayi,evet,12,11
T1460,Sube_B,sanayi,evet,9,20
T1461,Sube_A,sanayi,evet,15,19
T1462,Sube_A,sanayi,hayir,15,8
T1463,Sube_B,avm,evet,9,27
T1464,Sube_B,avm,evet,10,24
T1465,Sube_A,avm,evet,14,29
T1466,Sube_B,avm,evet,9,38
T1467,Sube_B,avm,evet,15,33
T1468,Sube_B,avm,evet,10,24
T1469,Sube_B,sanayi,evet,15,13
T1470,Sube_A,sanayi,hayir,13,13
T1471,Sube_A,sanayi,evet,12,11
T1472,Sube_B,avm,evet,8,29
T1473,Sube_A,sanayi,hayir,11,8
T1474,Sube_B,sanayi,hayir,13,12
T1475,Sube_A,sanayi,hayir,11,12
T1476,Sube_A,sanayi,evet,14,8
T1477,Sube_A,sanayi,hayir,11,10
T1478,Sube_B,avm,evet,12,26
T1479,Sube_A,sanayi,evet,8,18
T1480,Sube_B,sanayi,evet,15,13
T1481,Sube_B,avm,evet,15,23
T1482,Sube_A,sanayi,hayir,8,20
T1483,Sube_B,avm,evet,15,25
T1484,Sube_A,sanayi,hayir,13,19
T1485,Sube_B,avm,evet,15,37
T1486,Sube_B,avm,hayir,9,37
T1487,Sube_A,sanayi,evet,13,16
T1488,Sube_B,avm,evet,15,23
T1489,Sube_A,sanayi,evet,11,18
T1490,Sube_B,avm,evet,12,20
T1491,Sube_B,avm,hayir,8,35
T1492,Sube_A,sanayi,evet,14,11
T1493,Sube_B,avm,evet,12,29
T1494,Sube_B,avm,evet,14,37
T1495,Sube_A,avm,evet,13,23
T1496,Sube_A,sanayi,evet,11,9
T1497,Sube_B,avm,evet,10,36
T1498,Sube_A,sanayi,hayir,14,14
T1499,Sube_B,avm,evet,14,25
T1500,Sube_A,sanayi,hayir,8,19
T1501,Sube_A,sanayi,evet,15,12
T1502,Sube_B,avm,hayir,13,35
T1503,Sube_A,avm,evet,11,37
T1504,Sube_A,sanayi,hayir,15,15
T1505,Sube_A,sanayi,hayir,14,20
T1506,Sube_A,sanayi,hayir,11,17
T1507,Sube_B,sanayi,hayir,8,12
T1508,Sube_B,avm,evet,13,40
T1509,Sube_B,avm,evet,12,25
T1510,Sube_A,sanayi,hayir,11,13
T1511,Sube_A,sanayi,evet,11,15
T1512,Sube_B,avm,evet,12,35
T1513,Sube_B,avm,evet,15,34
T1514,Sube_B,avm,evet,11,36
T1515,Sube_A,sanayi,evet,13,11
T1516,Sube_B,avm,evet,10,26
T1517,Sube_B,avm,evet,8,28
T1518,Sube_B,avm,evet,12,24
T1519,Sube_A,sanayi,evet,15,11
T1520,Sube_A,sanayi,evet,14,19
T1521,Sube_A,sanayi,evet,13,16
T1522,Sube_A,avm,evet,12,39
T1523,Sube_B,avm,evet,9,21
T1524,Sube_A,sanayi,hayir,14,8
T1525,Sube_A,sanayi,hayir,10,10
T1526,Sube_A,sanayi,evet,10,15
T1527,Sube_A,sanayi,hayir,13,12
T1528,Sube_A,avm,evet,12,38
T1529,Sube_B,sanayi,evet,14,19
T1530,Sube_B,sanayi,hayir,9,15
T1531,Sube_A,sanayi,hayir,10,11
T1532,Sube_B,avm,evet,14,29
T1533,Sube_B,avm,evet,10,29
T1534,Sube_B,sanayi,hayir,11,15
T1535,Sube_B,avm,evet,9,31
T1536,Sube_B,avm,evet,14,40
T1537,Sube_A,sanayi,evet,14,14
T1538,Sube_A,sanayi,hayir,8,11
T1539,Sube_A,sanayi,evet,8,18
T1540,Sube_A,sanayi,hayir,14,18
T1541,Sube_A,avm,evet,11,38
T1542,Sube_B,sanayi,evet,11,11
T1543,Sube_B,avm,evet,11,21
T1544,Sube_A,sanayi,hayir,14,14
T1545,Sube_A,avm,evet,13,38
T1546,Sube_B,avm,evet,14,28
T1547,Sube_B,sanayi,hayir,14,13
T1548,Sube_A,sanayi,evet,10,11
T1549,Sube_B,avm,evet,10,31
T1550,Sube_B,avm,evet,12,34
T1551,Sube_B,avm,evet,13,35
T1552,Sube_A,sanayi,evet,10,13
T1553,Sube_A,sanayi,hayir,9,20
T1554,Sube_A,sanayi,evet,13,15
T1555,Sube_A,sanayi,evet,10,12
T1556,Sube_B,avm,evet,12,31
T1557,Sube_B,avm,evet,14,30
T1558,Sube_A,sanayi,hayir,9,8
T1559,Sube_B,sanayi,evet,15,14
T1560,Sube_A,sanayi,hayir,9,12
T1561,Sube_B,avm,evet,12,27
T1562,Sube_A,sanayi,hayir,14,11
T1563,Sube_A,sanayi,hayir,13,17
T1564,Sube_B,sanayi,hayir,13,20
T1565,Sube_B,avm,evet,9,21
T1566,Sube_B,avm,evet,12,28
T1567,Sube_B,avm,evet,15,30
T1568,Sube_B,avm,evet,14,25
T1569,Sube_B,avm,evet,8,27
T1570,Sube_B,avm,evet,9,32
T1571,Sube_B,sanayi,hayir,13,16
T1572,Sube_B,avm,hayir,12,38
T1573,Sube_B,sanayi,evet,9,19
T1574,Sube_A,sanayi,hayir,11,18
T1575,Sube_A,sanayi,hayir,13,10
T1576,Sube_B,avm,evet,14,24
T1577,Sube_B,sanayi,hayir,9,11
T1578,Sube_B,avm,evet,13,35
T1579,Sube_B,sanayi,hayir,11,9
T1580,Sube_A,sanayi,evet,8,13
T1581,Sube_A,sanayi,hayir,10,8
T1582,Sube_B,avm,hayir,11,35
T1583,Sube_A,sanayi,hayir,14,11
T1584,Sube_B,avm,evet,10,29
T1585,Sube_B,sanayi,hayir,10,14
T1586,Sube_B,avm,evet,9,31
T1587,Sube_A,avm,evet,12,21
T1588,Sube_A,sanayi,hayir,11,13
T1589,Sube_A,sanayi,evet,11,13
T1590,Sube_A,sanayi,hayir,8,10
T1591,Sube_B,avm,evet,9,31
T1592,Sube_B,avm,hayir,14,33
T1593,Sube_B,avm,evet,11,21
T1594,Sube_A,avm,hayir,11,23
T1595,Sube_A,sanayi,hayir,14,9
T1596,Sube_B,avm,evet,13,23
T1597,Sube_B,avm,evet,12,40
T1598,Sube_A,sanayi,evet,8,12
T1599,Sube_A,sanayi,hayir,14,11
T1600,Sube_B,avm,evet,14,25
T1601,Sube_A,sanayi,hayir,14,9
T1602,Sube_A,sanayi,evet,13,10
T1603,Sube_B,avm,evet,8,26
T1604,Sube_A,sanayi,hayir,15,15
T1605,Sube_A,avm,evet,9,20
T1606,Sube_B,avm,evet,11,24
T1607,Sube_A,sanayi,hayir,9,10
T1608,Sube_B,avm,evet,15,34
T1609,Sube_B,sanayi,hayir,12,12
T1610,Sube_A,sanayi,evet,10,17
T1611,Sube_B,avm,evet,11,38
T1612,Sube_A,sanayi,hayir,10,20
T1613,Sube_B,avm,hayir,8,30
T1614,Sube_A,sanayi,evet,12,10
T1615,Sube_B,avm,hayir,15,24
T1616,Sube_A,sanayi,evet,8,11
T1617,Sube_B,avm,evet,12,28
T1618,Sube_B,avm,evet,12,20
T1619,Sube_B,avm,evet,15,34
T1620,Sube_A,sanayi,evet,9,16
T1621,Sube_B,avm,evet,10,27
T1622,Sube_B,avm,hayir,10,40
T1623,Sube_A,sanayi,evet,9,12
T1624,Sube_B,avm,evet,8,36
T1625,Sube_A,sanayi,hayir,15,17
T1626,Sube_A,sanayi,hayir,10,10
T1627,Sube_B,avm,evet,12,20
T1628,Sube_B,avm,hayir,14,22
T1629,Sube_B,avm,evet,9,34
T1630,Sube_B,avm,evet,11,40
T1631,Sube_A,sanayi,evet,11,17
T1632,Sube_B,avm,hayir,13,27
T1633,Sube_B,sanayi,hayir,13,20
T1634,Sube_A,sanayi,evet,11,13
T1635,Sube_A,avm,evet,12,38
T1636,Sube_A,sanayi,hayir,13,11
T1637,Sube_A,sanayi,hayir,10,15
T1638,Sube_B,avm,evet,13,39
T1639,Sube_A,sanayi,hayir,8,19
T1640,Sube_B,sanayi,hayir,8,17
T1641,Sube_A,sanayi,evet,10,17
T1642,Sube_B,sanayi,evet,15,18
T1643,Sube_A,sanayi,hayir,15,18
T1644,Sube_A,sanayi,evet,11,13
T1645,Sube_B,avm,evet,12,34
T1646,Sube_A,sanayi,hayir,14,17
T1647,Sube_B,avm,evet,13,24
T1648,Sube_B,avm,evet,10,29
T1649,Sube_B,avm,evet,11,23
T1650,Sube_B,avm,evet,15,25
T1651,Sube_A,avm,evet,15,28
T1652,Sube_B,avm,evet,13,26
T1653,Sube_A,sanayi,evet,9,12
T1654,Sube_B,sanayi,evet,9,17
T1655,Sube_A,sanayi,evet,13,17
T1656,Sube_B,avm,evet,8,36
T1657,Sube_A,sanayi,evet,11,18
T1658,Sube_A,sanayi,evet,8,19
T1659,Sube_A,avm,evet,14,30
T1660,Sube_B,avm,hayir,9,32
T1661,Sube_A,sanayi,hayir,11,20
T1662,Sube_A,sanayi,evet,11,17
T1663,Sube_B,avm,evet,13,37
T1664,Sube_B,sanayi,evet,8,15
T1665,Sube_B,avm,evet,8,40
T1666,Sube_A,sanayi,evet,12,18
T1667,Sube_B,avm,evet,15,40
T1668,Sube_A,sanayi,hayir,15,16
T1669,Sube_B,avm,evet,8,35
T1670,Sube_A,sanayi,hayir,8,20
T1671,Sube_A,sanayi,hayir,12,18
T1672,Sube_B,avm,evet,14,22
T1673,Sube_A,sanayi,evet,14,17
T1674,Sube_B,sanayi,evet,10,11
T1675,Sube_B,avm,hayir,14,26
T1676,Sube_A,avm,evet,14,34
T1677,Sube_A,sanayi,hayir,15,14
T1678,Sube_B,avm,hayir,12,31
T1679,Sube_B,avm,evet,15,35
T1680,Sube_A,sanayi,hayir,9,17
T1681,Sube_A,avm,evet,12,40
T1682,Sube_B,avm,evet,13,24
T1683,Sube_B,avm,evet,13,37
T1684,Sube_B,sanayi,evet,13,18
T1685,Sube_B,avm,evet,13,32
T1686,Sube_B,avm,evet,14,40
T1687,Sube_A,avm,hayir,13,20
T1688,Sube_B,avm,evet,12,37
T1689,Sube_B,avm,evet,13,21
T1690,Sube_B,avm,hayir,11,37
T1691,Sube_A,sanayi,hayir,12,18
T1692,Sube_B,avm,evet,14,31
T1693,Sube_A,sanayi,evet,8,14
T1694,Sube_A,sanayi,hayir,8,16
T1695,Sube_B,avm,evet,12,28
T1696,Sube_B,avm,evet,8,34
T1697,Sube_B,avm,evet,13,29
T1698,Sube_B,avm,evet,11,31
T1699,Sube_B,avm,hayir,14,24
T1700,Sube_B,avm,evet,8,30
T1701,Sube_A,avm,evet,12,20
T1702,Sube_A,sanayi,hayir,11,8
T1703,Sube_A,sanayi,evet,10,9
T1704,Sube_B,avm,evet,10,39
T1705,Sube_A,avm,evet,15,37
T1706,Sube_A,avm,evet,15,40
T1707,Sube_B,avm,evet,14,35
T1708,Sube_A,sanayi,hayir,9,17
T1709,Sube_A,avm,evet,8,21
T1710,Sube_B,sanayi,hayir,9,13
T1711,Sube_A,sanayi,hayir,13,15
T1712,Sube_B,avm,evet,11,23
T1713,Sube_B,avm,evet,12,20
T1714,Sube_B,avm,evet,11,32
T1715,Sube_B,avm,evet,13,23
T1716,Sube_A,sanayi,evet,8,17
T1717,Sube_A,sanayi,evet,12,14
T1718,Sube_A,avm,hayir,15,33
T1719,Sube_B,avm,evet,15,23
T1720,Sube_A,sanayi,evet,13,10
T1721,Sube_A,sanayi,hayir,13,15
T1722,Sube_B,avm,evet,13,38
T1723,Sube_B,avm,evet,12,34
T1724,Sube_A,sanayi,hayir,15,9
T1725,Sube_A,sanayi,hayir,13,10
T1726,Sube_B,avm,evet,9,36
T1727,Sube_A,avm,evet,10,34
T1728,Sube_B,avm,evet,14,24
T1729,Sube_A,sanayi,hayir,8,9
T1730,Sube_B,avm,evet,14,25
T1731,Sube_A,sanayi,evet,13,12
T1732,Sube_A,sanayi,evet,12,18
T1733,Sube_B,avm,evet,10,32
T1734,Sube_A,avm,evet,15,31
T1735,Sube_A,sanayi,hayir,10,13
T1736,Sube_B,avm,evet,8,31
T1737,Sube_B,avm,evet,8,30
T1738,Sube_B,avm,evet,14,40
T1739,Sube_B,avm,hayir,14,21
T1740,Sube_A,avm,hayir,13,37
T1741,Sube_B,avm,evet,9,35
T1742,Sube_A,sanayi,hayir,10,11
T1743,Sube_A,sanayi,evet,8,10
T1744,Sube_B,avm,evet,12,28
T1745,Sube_B,avm,hayir,12,40
T1746,Sube_A,avm,evet,12,24
T1747,Sube_B,sanayi,hayir,10,20
T1748,Sube_A,sanayi,hayir,15,8
T1749,Sube_A,sanayi,hayir,13,8
T1750,Sube_B,avm,evet,12,40
T1751,Sube_B,avm,hayir,9,27
T1752,Sube_B,avm,evet,8,33
T1753,Sube_A,sanayi,evet,8,8
T1754,Sube_B,avm,evet,8,20
T1755,Sube_A,sanayi,evet,11,9
T1756,Sube_B,sanayi,hayir,12,17
T1757,Sube_A,sanayi,evet,15,12
T1758,Sube_B,sanayi,hayir,14,16
T1759,Sube_A,avm,evet,11,40
T1760,Sube_A,avm,evet,14,23
T1761,Sube_A,sanayi,evet,14,15
T1762,Sube_A,sanayi,evet,15,20
T1763,Sube_B,avm,evet,9,28
T1764,Sube_B,avm,evet,11,35
T1765,Sube_A,avm,evet,15,34
T1766,Sube_A,sanayi,evet,11,10
T1767,Sube_A,avm,evet,11,32
T1768,Sube_A,sanayi,hayir,12,11
T1769,Sube_B,avm,evet,14,32
T1770,Sube_B,avm,hayir,8,30
T1771,Sube_B,sanayi,evet,15,11
T1772,Sube_B,avm,evet,13,30
T1773,Sube_B,avm,hayir,14,36
T1774,Sube_B,sanayi,evet,11,10
T1775,Sube_B,sanayi,evet,9,15
T1776,Sube_A,avm,hayir,12,23
T1777,Sube_A,sanayi,evet,10,11
T1778,Sube_B,avm,evet,15,20
T1779,Sube_A,sanayi,hayir,11,18
T1780,Sube_B,sanayi,evet,12,8
T1781,Sube_A,sanayi,evet,15,10
T1782,Sube_A,sanayi,evet,8,16
T1783,Sube_B,avm,evet,10,38
T1784,Sube_B,avm,evet,8,24
T1785,Sube_A,sanayi,hayir,14,11
T1786,Sube_B,avm,evet,11,28
T1787,Sube_A,avm,evet,15,37
T1788,Sube_A,avm,evet,8,38
T1789,Sube_A,sanayi,hayir,9,10
T1790,Sube_B,avm,hayir,8,38
T1791,Sube_B,avm,evet,11,23
T1792,Sube_A,sanayi,hayir,8,11
T1793,Sube_A,sanayi,hayir,9,9
T1794,Sube_A,sanayi,evet,14,11
T1795,Sube_B,avm,hayir,10,23
T1796,Sube_B,avm,hayir,8,32
T1797,Sube_B,sanayi,evet,14,14
T1798,Sube_B,avm,evet,13,37
T1799,Sube_B,avm,evet,10,23
T1800,Sube_A,sanayi,hayir,11,8
T1801,Sube_A,sanayi,evet,10,15
T1802,Sube_B,sanayi,hayir,13,18
T1803,Sube_A,sanayi,evet,14,15
T1804,Sube_B,sanayi,evet,14,10
T1805,Sube_A,sanayi,hayir,8,17
T1806,Sube_B,avm,evet,8,35
T1807,Sube_B,avm,evet,13,27
T1808,Sube_A,sanayi,hayir,13,20
T1809,Sube_B,avm,evet,10,31
T1810,Sube_A,sanayi,hayir,15,20
T1811,Sube_B,sanayi,hayir,14,10
T1812,Sube_A,sanayi,evet,9,15
T1813,Sube_B,avm,evet,8,27
T1814,Sube_B,avm,evet,10,31
T1815,Sube_A,sanayi,hayir,14,20
T1816,Sube_B,avm,evet,11,20
T1817,Sube_B,avm,evet,11,38
T1818,Sube_A,sanayi,hayir,15,19
T1819,Sube_A,sanayi,hayir,9,9
T1820,Sube_A,avm,evet,8,40
T1821,Sube_A,sanayi,hayir,14,9
T1822,Sube_B,avm,evet,10,33
T1823,Sube_B,avm,hayir,13,26
T1824,Sube_B,avm,evet,13,38
T1825,Sube_B,avm,evet,15,37
T1826,Sube_A,sanayi,hayir,15,9
T1827,Sube_A,avm,evet,10,21
T1828,Sube_A,sanayi,hayir,14,15
T1829,Sube_B,avm,hayir,9,40
T1830,Sube_A,sanayi,evet,12,17
T1831,Sube_A,sanayi,evet,12,18
T1832,Sube_B,avm,evet,8,35
T1833,Sube_B,avm,evet,13,39
T1834,Sube_B,avm,evet,10,37
T1835,Sube_B,avm,evet,13,28
T1836,Sube_A,sanayi,evet,10,11
T1837,Sube_B,avm,evet,14,31
T1838,Sube_A,sanayi,evet,11,18
T1839,Sube_B,avm,evet,15,25
T1840,Sube_A,avm,evet,10,34
T1841,Sube_B,sanayi,evet,11,20
T1842,Sube_B,avm,evet,10,26
T1843,Sube_B,avm,evet,13,27
T1844,Sube_B,avm,evet,15,25
T1845,Sube_B,avm,evet,11,33
T1846,Sube_A,avm,evet,13,22
T1847,Sube_B,avm,hayir,12,38
T1848,Sube_B,avm,evet,12,33
T1849,Sube_A,sanayi,hayir,11,10
T1850,Sube_B,avm,evet,8,40
T1851,Sube_A,sanayi,evet,14,15
T1852,Sube_B,avm,evet,9,38
T1853,Sube_B,sanayi,hayir,12,10
T1854,Sube_B,avm,evet,11,30
T1855,Sube_A,sanayi,hayir,8,9
T1856,Sube_B,avm,evet,10,34
T1857,Sube_B,sanayi,evet,9,18
T1858,Sube_B,avm,evet,8,30
T1859,Sube_B,avm,evet,9,32
T1860,Sube_A,sanayi,hayir,14,16
T1861,Sube_A,sanayi,hayir,12,9
T1862,Sube_B,avm,evet,8,31
T1863,Sube_A,sanayi,hayir,15,19
T1864,Sube_A,sanayi,evet,12,17
T1865,Sube_B,sanayi,evet,13,12
T1866,Sube_B,avm,evet,10,24
T1867,Sube_A,avm,evet,15,31
T1868,Sube_A,sanayi,hayir,8,19
T1869,Sube_A,sanayi,evet,11,16
T1870,Sube_B,avm,evet,11,33
T1871,Sube_B,avm,evet,9,30
T1872,Sube_A,sanayi,evet,12,17
T1873,Sube_B,avm,evet,8,33
T1874,Sube_A,avm,evet,12,40
T1875,Sube_A,sanayi,evet,15,15
T1876,Sube_A,avm,evet,11,28
T1877,Sube_A,sanayi,evet,9,13
T1878,Sube_B,avm,evet,14,27
T1879,Sube_B,avm,hayir,8,28
T1880,Sube_A,sanayi,hayir,8,13
T1881,Sube_B,avm,evet,8,38
T1882,Sube_B,avm,evet,13,32
T1883,Sube_A,sanayi,evet,10,19
T1884,Sube_A,sanayi,evet,9,10
T1885,Sube_A,sanayi,hayir,11,12
T1886,Sube_B,avm,hayir,13,32
T1887,Sube_A,sanayi,evet,8,18
T1888,Sube_A,sanayi,evet,8,14
T1889,Sube_A,sanayi,evet,13,19
T1890,Sube_A,sanayi,evet,10,15
T1891,Sube_A,sanayi,hayir,15,15
T1892,Sube_B,avm,evet,15,29
T1893,Sube_B,avm,hayir,13,24
T1894,Sube_B,avm,hayir,15,35
T1895,Sube_A,avm,evet,13,21
T1896,Sube_A,sanayi,hayir,13,19
T1897,Sube_A,sanayi,evet,11,9
T1898,Sube_A,sanayi,hayir,13,10
T1899,Sube_B,sanayi,hayir,15,18
T1900,Sube_B,avm,evet,14,29
T1901,Sube_B,sanayi,hayir,13,8
T1902,Sube_A,sanayi,evet,15,17
T1903,Sube_A,sanayi,hayir,10,11
T1904,Sube_B,sanayi,evet,15,13
T1905,Sube_B,avm,evet,15,25
T1906,Sube_A,sanayi,evet,10,17
T1907,Sube_B,avm,evet,12,23
T1908,Sube_B,avm,evet,14,40
T1909,Sube_A,sanayi,hayir,11,13
T1910,Sube_A,sanayi,hayir,12,9
T1911,Sube_B,avm,evet,15,30
T1912,Sube_B,avm,evet,11,39
T1913,Sube_B,avm,evet,15,40
T1914,Sube_B,avm,evet,11,26
T1915,Sube_A,sanayi,hayir,10,15
T1916,Sube_A,avm,evet,10,34
T1917,Sube_A,sanayi,hayir,9,16
T1918,Sube_A,sanayi,evet,12,20
T1919,Sube_B,avm,evet,8,23
T1920,Sube_B,sanayi,hayir,15,17
T1921,Sube_A,sanayi,evet,12,19
T1922,Sube_A,avm,evet,12,39
T1923,Sube_B,avm,evet,10,23
T1924,Sube_A,avm,evet,13,34
T1925,Sube_B,avm,evet,12,26
T1926,Sube_A,sanayi,hayir,14,15
T1927,Sube_A,sanayi,hayir,8,10
T1928,Sube_B,sanayi,hayir,9,11
T1929,Sube_B,sanayi,evet,14,11
T1930,Sube_A,sanayi,hayir,11,9
T1931,Sube_B,avm,evet,15,36
T1932,Sube_A,avm,evet,15,22
T1933,Sube_B,avm,hayir,14,21
T1934,Sube_A,sanayi,hayir,15,17
T1935,Sube_A,sanayi,hayir,15,20
T1936,Sube_A,sanayi,hayir,14,11
T1937,Sube_B,avm,evet,10,25
T1938,Sube_B,avm,evet,11,21
T1939,Sube_B,sanayi,evet,8,10
T1940,Sube_A,sanayi,evet,9,11
T1941,Sube_A,sanayi,hayir,11,18
T1942,Sube_A,sanayi,hayir,8,18
T1943,Sube_B,sanayi,hayir,11,9
T1944,Sube_A,sanayi,hayir,12,13
T1945,Sube_B,avm,evet,15,28
T1946,Sube_A,sanayi,hayir,15,10
T1947,Sube_B,avm,evet,9,28
T1948,Sube_B,sanayi,hayir,8,18
T1949,Sube_A,sanayi,evet,11,17
T1950,Sube_B,avm,evet,14,30
T1951,Sube_A,sanayi,evet,8,8
T1952,Sube_A,sanayi,hayir,15,20
T1953,Sube_B,avm,evet,14,37
T1954,Sube_A,avm,evet,15,24
T1955,Sube_B,avm,evet,14,33
T1956,Sube_B,avm,evet,12,27
T1957,Sube_B,avm,evet,10,32
T1958,Sube_A,sanayi,evet,10,9
T1959,Sube_A,sanayi,evet,13,13
T1960,Sube_B,avm,evet,13,21
T1961,Sube_B,avm,evet,8,40
T1962,Sube_A,sanayi,hayir,8,9
T1963,Sube_A,sanayi,evet,10,13
T1964,Sube_A,sanayi,hayir,9,10
T1965,Sube_B,avm,evet,8,23
T1966,Sube_A,sanayi,evet,14,19
T1967,Sube_A,sanayi,evet,13,18
T1968,Sube_A,avm,evet,8,33
T1969,Sube_B,sanayi,evet,15,19
T1970,Sube_B,avm,evet,9,33
T1971,Sube_A,sanayi,hayir,14,8
T1972,Sube_B,sanayi,hayir,8,14
T1973,Sube_B,avm,hayir,10,35
T1974,Sube_B,avm,evet,14,21
T1975,Sube_A,sanayi,hayir,13,11
T1976,Sube_B,avm,evet,10,38
T1977,Sube_B,sanayi,evet,10,15
T1978,Sube_B,avm,evet,15,28
T1979,Sube_A,avm,evet,15,26
T1980,Sube_B,avm,evet,13,27
T1981,Sube_A,sanayi,hayir,10,19
T1982,Sube_B,avm,evet,15,36
T1983,Sube_A,sanayi,evet,14,12
T1984,Sube_B,avm,evet,8,40
T1985,Sube_A,sanayi,evet,10,16
T1986,Sube_A,sanayi,hayir,10,18
T1987,Sube_B,sanayi,evet,13,11
T1988,Sube_B,avm,evet,13,23
T1989,Sube_B,sanayi,hayir,10,18
T1990,Sube_B,avm,evet,11,40
T1991,Sube_B,avm,evet,9,22
T1992,Sube_B,avm,evet,15,22
T1993,Sube_B,avm,evet,8,22
T1994,Sube_B,sanayi,evet,10,15
T1995,Sube_B,avm,evet,15,32
T1996,Sube_A,avm,evet,11,22
T1997,Sube_A,avm,evet,12,21
T1998,Sube_A,avm,evet,10,26
T1999,Sube_A,sanayi,hayir,15,20
T2000,Sube_A,sanayi,hayir,10,15
